magasin_id,product_id,category,subcategory,sub_sub_category,product name,price/um,price,nutri-score,Valeur énergétique en kJ,Valeur énergétique en kCal,Matières grasses,Dont acides gras saturés,Dont acides gras mono-insaturés,Glucides,Dont sucres,Protéines,Fibres alimentaires,Sel,Sodium
107,2338746,Fruits et légumes,Fruits et légumes bio,Fruits bio,Banane bio 5 fruits,3.05,2.29,,,,,,,,,,,,
107,982534,Fruits et légumes,Fruits et légumes bio,Fruits bio,Pomme bio barquette 4 fruits,7.18,3.59,,,,,,,,,,,,
107,960493,Fruits et légumes,Fruits et légumes bio,Fruits bio,Pomme granny bio barquette 4 fruits,8.73,3.49,,,,,,,,,,,,
107,2360265,Fruits et légumes,Fruits et légumes bio,Fruits bio,Citron primofiori bio filet 1kg,4.99,4.99,,,,,,,,,,,,
107,1371457,Fruits et légumes,Fruits et légumes bio,Fruits bio,Pomme Canada bio 4 fruits,3.99,3.99,,,,,,,,,,,,
107,2548326,Fruits et légumes,Fruits et légumes bio,Fruits bio,Pomme cripps pink lady bio barquette 4 fruits,6.65,3.99,,,,,,,,,,,,
107,944197,Fruits et légumes,Fruits et légumes bio,Fruits bio,Orange bio a déguster 800g,4.29,4.29,,,,,,,,,,,,
107,2337957,Fruits et légumes,Fruits et légumes bio,Fruits bio,Banane bio 5 fruits,3.32,2.49,,,,,,,,,,,,
107,3076368,Fruits et légumes,Fruits et légumes bio,Fruits bio,KIWI VERT BIO BARQUETTE 4 FRUITS,16.3,4.89,,,,,,,,,,,,
107,3062316,Fruits et légumes,Fruits et légumes bio,Fruits bio,Pomme candine bio barquette 6 fruits,3.99,3.99,,,,,,,,,,,,
107,2942070,Fruits et légumes,Fruits et légumes bio,Fruits bio,Banane bio 5 fruits,3.05,2.29,,,,,,,,,,,,
107,2430630,Fruits et légumes,Fruits et légumes bio,Légumes bio,Royal Saveurs ail blanc bio 3 têtes,32.6,4.89,,,,,,,,,,,,
107,1091575,Fruits et légumes,Fruits et légumes bio,Légumes bio,Betterave entiere cuite bio 500 g,3.78,1.89,,,,,,,,,,,,
107,1035874,Fruits et légumes,Fruits et légumes bio,Légumes bio,Betterave cuite bio rouge sachet 225g,7.07,1.59,,,,,,,,,,,,
107,2448810,Fruits et légumes,Fruits et légumes bio,Légumes bio,Oignon rouge bio 500g,5.58,2.79,,,,,,,,,,,,
107,90620,Fruits et légumes,Fruits et légumes bio,Légumes bio,Royal saveur échalote traditionnel bio filet 250g,10.76,2.69,,,,,,,,,,,,
107,2784231,Fruits et légumes,Fruits et légumes bio,Légumes bio,CAROTTE BIO SACHET 1.5 KG,3.06,4.59,,,,,,,,,,,,
107,2450727,Fruits et légumes,Fruits et légumes bio,Légumes bio,Oignon jaune bio filet 1kg,3.99,3.99,,,,,,,,,,,,
107,90631,Fruits et légumes,Fruits et légumes bio,Légumes bio,Royal Saveurs oignon jaune bio 500 g,4.58,2.29,,,,,,,,,,,,
107,1022743,Fruits et légumes,Fruits et légumes bio,Légumes bio,Mais bio doux barquette 2 épis,9.73,3.89,,,,,,,,,,,,
107,1367353,Fruits et légumes,Fruits et légumes bio,Légumes bio,Poivron bio bicolore 2 fruits,8.3,2.49,,,,,,,,,,,,
107,45785,Fruits et légumes,Fruits frais,Fruits de saison,Banane Cavendish,1.99,0.36,,,,,,,,,,,,
107,18003,Fruits et légumes,Fruits frais,Fruits de saison,Orange à déguster cora 2kg,2.0,3.99,,,,,,,,,,,,
107,15866,Fruits et légumes,Fruits frais,Fruits de saison,Cora orange à jus 2kg,1.8,3.59,,,,,,,,,,,,
107,15890,Fruits et légumes,Fruits frais,Fruits de saison,Cora Kido petits agrumes 1kg,3.99,3.99,,,,,,,,,,,,
107,15892,Fruits et légumes,Fruits frais,Fruits de saison,"Cora pomme golden AOP limousin en panier de bois 1,5 kg",2.66,3.99,,,,,,,,,,,,
107,23568,Fruits et légumes,Fruits frais,Fruits de saison,Cora pomme golden du Limousin face rosée barquette de 4 fruits,3.69,3.69,,,,,,,,,,,,
107,302698,Fruits et légumes,Fruits frais,Fruits de saison,Cora dégustation kiwi barquette de 4 fruits,3.99,3.99,,,,,,,,,,,,
107,2600880,Fruits et légumes,Fruits frais,Fruits de saison,Poire Conférence,4.79,0.89,,,,,,,,,,,,
107,49361,Fruits et légumes,Fruits frais,Fruits de saison,Pomme golden le kilo,3.69,0.74,,,,,,,,,,,,
107,25981,Fruits et légumes,Fruits frais,Fruits de saison,Kiwi vert vrac,0.5,0.5,,,,,,,,,,,,
107,301759,Fruits et légumes,Fruits frais,Fruits de saison,Citron vert VRAC,4.99,0.46,,,,,,,,,,,,
107,68309,Fruits et légumes,Fruits frais,Fruits de saison,Kiwi gold,0.99,0.99,,,,,,,,,,,,
107,49291,Fruits et légumes,Fruits frais,Fruits de saison,Pomme Royal Gala,2.69,0.52,,,,,,,,,,,,
107,49293,Fruits et légumes,Fruits frais,Fruits de saison,Pomme pink lady,4.29,0.89,,,,,,,,,,,,
107,1127341,Fruits et légumes,Fruits frais,Fruits de saison,Clementine fine de Corse,5.99,5.99,,,,,,,,,,,,
107,50014,Fruits et légumes,Fruits frais,Fruits de saison,Poire Rochas,4.29,0.66,,,,,,,,,,,,
107,25982,Fruits et légumes,Fruits frais,Fruits de saison,Pomelos,0.99,0.99,,,,,,,,,,,,
107,1139038,Fruits et légumes,Fruits frais,Fruits de saison,Citron jaune filet 500g,3.38,1.69,,,,,,,,,,,,
107,49298,Fruits et légumes,Fruits frais,Fruits de saison,Pomme honey crunch,3.69,0.58,,,,,,,,,,,,
107,548401,Fruits et légumes,Fruits frais,Fruits de saison,Mandarine Clémenvilla,2.99,0.33,,,,,,,,,,,,
107,102092,Fruits et légumes,Fruits frais,Fruits de saison,Pomme granny,2.99,0.63,,,,,,,,,,,,
107,944929,Fruits et légumes,Fruits frais,Fruits de saison,Orange à déguster,2.99,0.89,,,,,,,,,,,,
107,982534,Fruits et légumes,Fruits frais,Fruits de saison,Pomme bio barquette 4 fruits,7.18,3.59,,,,,,,,,,,,
107,49297,Fruits et légumes,Fruits frais,Fruits de saison,Pomme canada grise,3.49,0.67,,,,,,,,,,,,
107,1349011,Fruits et légumes,Fruits frais,Fruits de saison,Pomme Royal Gala sachet 1.5kg,2.66,3.99,,,,,,,,,,,,
107,77497,Fruits et légumes,Fruits frais,Fruits de saison,Pomme reine des reinettes,3.89,0.65,,,,,,,,,,,,
107,990892,Fruits et légumes,Fruits frais,Fruits de saison,"Pomme Golden 1,5kg",2.66,3.99,,,,,,,,,,,,
107,1128643,Fruits et légumes,Fruits frais,Fruits de saison,Kiwi barquette 1 kg,4.29,4.29,,,,,,,,,,,,
107,2822511,Fruits et légumes,Fruits frais,Fruits de saison,Clémentine maroc,2.99,2.99,,,,,,,,,,,,
107,1113079,Fruits et légumes,Fruits frais,Fruits de saison,Citron 1kg +20%,2.49,2.99,,,,,,,,,,,,
107,49295,Fruits et légumes,Fruits frais,Fruits de saison,Pomme fuji,2.99,0.57,,,,,,,,,,,,
107,911245,Fruits et légumes,Fruits frais,Fruits de saison,Pomme Antares,3.79,0.73,,,,,,,,,,,,
107,750853,Fruits et légumes,Fruits frais,Fruits de saison,Pomme skyfresh,1.99,1.0,,,,,,,,,,,,
107,960493,Fruits et légumes,Fruits frais,Fruits de saison,Pomme granny bio barquette 4 fruits,8.73,3.49,,,,,,,,,,,,
107,1242556,Fruits et légumes,Fruits frais,Fruits de saison,Poire sweet sensation le kilo,2.99,1.5,,,,,,,,,,,,
107,522931,Fruits et légumes,Fruits frais,Fruits de saison,Pomme Chanteclerc,3.69,0.74,,,,,,,,,,,,
107,101171,Fruits et légumes,Fruits frais,Fruits de saison,Pomme Ariane,3.79,2.08,,,,,,,,,,,,
107,944197,Fruits et légumes,Fruits frais,Fruits de saison,Orange bio a déguster 800g,4.29,4.29,,,,,,,,,,,,
107,45787,Fruits et légumes,Fruits frais,Fruits de saison,Pomme boscoop,2.99,1.64,,,,,,,,,,,,
107,115044,Fruits et légumes,Fruits frais,Fruits de saison,Poire comice,5.29,2.7,,,,,,,,,,,,
107,1140391,Fruits et légumes,Fruits frais,Fruits de saison,Poire rochas barquette 4 fruits stickés,2.69,2.69,,,,,,,,,,,,
107,49296,Fruits et légumes,Fruits frais,Fruits de saison,Pomme Red Chief,2.59,0.48,,,,,,,,,,,,
107,18003,Fruits et légumes,Fruits frais,Oranges et agrumes,Orange à déguster cora 2kg,2.0,3.99,,,,,,,,,,,,
107,15866,Fruits et légumes,Fruits frais,Oranges et agrumes,Cora orange à jus 2kg,1.8,3.59,,,,,,,,,,,,
107,1127341,Fruits et légumes,Fruits frais,Oranges et agrumes,Clementine fine de Corse,5.99,5.99,,,,,,,,,,,,
107,15890,Fruits et légumes,Fruits frais,Oranges et agrumes,Cora Kido petits agrumes 1kg,3.99,3.99,,,,,,,,,,,,
107,25982,Fruits et légumes,Fruits frais,Oranges et agrumes,Pomelos,0.99,0.99,,,,,,,,,,,,
107,1139038,Fruits et légumes,Fruits frais,Oranges et agrumes,Citron jaune filet 500g,3.38,1.69,,,,,,,,,,,,
107,548401,Fruits et légumes,Fruits frais,Oranges et agrumes,Mandarine Clémenvilla,2.99,0.33,,,,,,,,,,,,
107,944929,Fruits et légumes,Fruits frais,Oranges et agrumes,Orange à déguster,2.99,0.89,,,,,,,,,,,,
107,2822511,Fruits et légumes,Fruits frais,Oranges et agrumes,Clémentine maroc,2.99,2.99,,,,,,,,,,,,
107,1113079,Fruits et légumes,Fruits frais,Oranges et agrumes,Citron 1kg +20%,2.49,2.99,,,,,,,,,,,,
107,2360265,Fruits et légumes,Fruits frais,Oranges et agrumes,Citron primofiori bio filet 1kg,4.99,4.99,,,,,,,,,,,,
107,944197,Fruits et légumes,Fruits frais,Oranges et agrumes,Orange bio a déguster 800g,4.29,4.29,,,,,,,,,,,,
107,2693577,Fruits et légumes,Fruits frais,Oranges et agrumes,Pomelos star ruby filet 3 fruits,2.49,2.49,,,,,,,,,,,,
107,2589642,Fruits et légumes,Fruits frais,Oranges et agrumes,Clemenvilla filet 1kg,3.29,3.29,,,,,,,,,,,,
107,2617308,Fruits et légumes,Fruits frais,Oranges et agrumes,Mandarine avec feuille,3.89,1.17,,,,,,,,,,,,
107,1126369,Fruits et légumes,Fruits frais,Oranges et agrumes,Mineolas,4.89,0.73,,,,,,,,,,,,
107,2986581,Fruits et légumes,Fruits frais,"Pommes, poires et raisins",Raisin blanc sans pepins cora barquette 500g,7.98,3.99,,,,,,,,,,,,
107,2600880,Fruits et légumes,Fruits frais,"Pommes, poires et raisins",Poire Conférence,4.79,0.89,,,,,,,,,,,,
107,49361,Fruits et légumes,Fruits frais,"Pommes, poires et raisins",Pomme golden le kilo,3.69,0.74,,,,,,,,,,,,
107,2995569,Fruits et légumes,Fruits frais,"Pommes, poires et raisins",Raisin rose sans pepins cora barquette 500g,7.98,3.99,,,,,,,,,,,,
107,49291,Fruits et légumes,Fruits frais,"Pommes, poires et raisins",Pomme Royal Gala,2.69,0.52,,,,,,,,,,,,
107,49293,Fruits et légumes,Fruits frais,"Pommes, poires et raisins",Pomme pink lady,4.29,0.89,,,,,,,,,,,,
107,15892,Fruits et légumes,Fruits frais,"Pommes, poires et raisins","Cora pomme golden AOP limousin en panier de bois 1,5 kg",2.66,3.99,,,,,,,,,,,,
107,23568,Fruits et légumes,Fruits frais,"Pommes, poires et raisins",Cora pomme golden du Limousin face rosée barquette de 4 fruits,3.69,3.69,,,,,,,,,,,,
107,50014,Fruits et légumes,Fruits frais,"Pommes, poires et raisins",Poire Rochas,4.29,0.66,,,,,,,,,,,,
107,49298,Fruits et légumes,Fruits frais,"Pommes, poires et raisins",Pomme honey crunch,3.69,0.58,,,,,,,,,,,,
107,1066693,Fruits et légumes,Fruits frais,"Pommes, poires et raisins",Raisin rose vrac,6.99,7.48,,,,,,,,,,,,
107,102092,Fruits et légumes,Fruits frais,"Pommes, poires et raisins",Pomme granny,2.99,0.63,,,,,,,,,,,,
107,982534,Fruits et légumes,Fruits frais,"Pommes, poires et raisins",Pomme bio barquette 4 fruits,7.18,3.59,,,,,,,,,,,,
107,49297,Fruits et légumes,Fruits frais,"Pommes, poires et raisins",Pomme canada grise,3.49,0.67,,,,,,,,,,,,
107,1349011,Fruits et légumes,Fruits frais,"Pommes, poires et raisins",Pomme Royal Gala sachet 1.5kg,2.66,3.99,,,,,,,,,,,,
107,77497,Fruits et légumes,Fruits frais,"Pommes, poires et raisins",Pomme reine des reinettes,3.89,0.65,,,,,,,,,,,,
107,990892,Fruits et légumes,Fruits frais,"Pommes, poires et raisins","Pomme Golden 1,5kg",2.66,3.99,,,,,,,,,,,,
107,1140418,Fruits et légumes,Fruits frais,"Pommes, poires et raisins",Pink lady barquette 6 fruits,3.99,3.99,,,,,,,,,,,,
107,2489433,Fruits et légumes,Fruits frais,"Pommes, poires et raisins",Poire qtee le kilo,4.99,1.05,,,,,,,,,,,,
107,49295,Fruits et légumes,Fruits frais,"Pommes, poires et raisins",Pomme fuji,2.99,0.57,,,,,,,,,,,,
107,911245,Fruits et légumes,Fruits frais,"Pommes, poires et raisins",Pomme Antares,3.79,0.73,,,,,,,,,,,,
107,750853,Fruits et légumes,Fruits frais,"Pommes, poires et raisins",Pomme skyfresh,1.99,1.0,,,,,,,,,,,,
107,3033930,Fruits et légumes,Fruits frais,"Pommes, poires et raisins",POMME BICOLORE BARQUETTE 4 FRUITS,,0.99,,,,,,,,,,,,
107,960493,Fruits et légumes,Fruits frais,"Pommes, poires et raisins",Pomme granny bio barquette 4 fruits,8.73,3.49,,,,,,,,,,,,
107,1242556,Fruits et légumes,Fruits frais,"Pommes, poires et raisins",Poire sweet sensation le kilo,2.99,1.5,,,,,,,,,,,,
107,522931,Fruits et légumes,Fruits frais,"Pommes, poires et raisins",Pomme Chanteclerc,3.69,0.74,,,,,,,,,,,,
107,101171,Fruits et légumes,Fruits frais,"Pommes, poires et raisins",Pomme Ariane,3.79,2.08,,,,,,,,,,,,
107,3072510,Fruits et légumes,Fruits frais,"Pommes, poires et raisins",Pomme honey crunch barquette 6 fruits,3.99,3.99,,,,,,,,,,,,
107,543286,Fruits et légumes,Fruits frais,"Pommes, poires et raisins",Raisins aledo,8.49,3.4,,,,,,,,,,,,
107,2610057,Fruits et légumes,Fruits frais,"Pommes, poires et raisins",Pomme zingy le kilo,3.29,0.56,,,,,,,,,,,,
107,1371457,Fruits et légumes,Fruits frais,"Pommes, poires et raisins",Pomme Canada bio 4 fruits,3.99,3.99,,,,,,,,,,,,
107,3069186,Fruits et légumes,Fruits frais,"Pommes, poires et raisins",RAISIN BLANC COTTON CANDY 300G,19.97,5.99,,,,,,,,,,,,
107,2548326,Fruits et légumes,Fruits frais,"Pommes, poires et raisins",Pomme cripps pink lady bio barquette 4 fruits,6.65,3.99,,,,,,,,,,,,
107,2612601,Fruits et légumes,Fruits frais,"Pommes, poires et raisins",Pomme coeur de reine le kilo,3.79,0.64,,,,,,,,,,,,
107,45787,Fruits et légumes,Fruits frais,"Pommes, poires et raisins",Pomme boscoop,2.99,1.64,,,,,,,,,,,,
107,115044,Fruits et légumes,Fruits frais,"Pommes, poires et raisins",Poire comice,5.29,2.7,,,,,,,,,,,,
107,3090747,Fruits et légumes,Fruits frais,"Pommes, poires et raisins","POMME RED CHIEF SACHET 1,5 KG",1.53,2.29,,,,,,,,,,,,
107,3066546,Fruits et légumes,Fruits frais,"Pommes, poires et raisins",POMME PANACHE BARQUETTE 6 FRUITS,3.74,2.99,,,,,,,,,,,,
107,3062316,Fruits et légumes,Fruits frais,"Pommes, poires et raisins",Pomme candine bio barquette 6 fruits,3.99,3.99,,,,,,,,,,,,
107,3061842,Fruits et légumes,Fruits frais,"Pommes, poires et raisins",POMME BICOLORE BARQUETTE 8 FRUITS,,2.59,,,,,,,,,,,,
107,2836305,Fruits et légumes,Fruits frais,"Pommes, poires et raisins",POIRE MURE A POINT 4 FRUITS,12.23,4.89,,,,,,,,,,,,
107,2612298,Fruits et légumes,Fruits frais,"Pommes, poires et raisins",Pomme lolipop vrac cal 170/20 france,3.99,2.0,,,,,,,,,,,,
107,1140391,Fruits et légumes,Fruits frais,"Pommes, poires et raisins",Poire rochas barquette 4 fruits stickés,2.69,2.69,,,,,,,,,,,,
107,49296,Fruits et légumes,Fruits frais,"Pommes, poires et raisins",Pomme Red Chief,2.59,0.48,,,,,,,,,,,,
107,45785,Fruits et légumes,Fruits frais,Bananes et kiwis,Banane Cavendish,1.99,0.36,,,,,,,,,,,,
107,302698,Fruits et légumes,Fruits frais,Bananes et kiwis,Cora dégustation kiwi barquette de 4 fruits,3.99,3.99,,,,,,,,,,,,
107,2338746,Fruits et légumes,Fruits frais,Bananes et kiwis,Banane bio 5 fruits,3.05,2.29,,,,,,,,,,,,
107,25981,Fruits et légumes,Fruits frais,Bananes et kiwis,Kiwi vert vrac,0.5,0.5,,,,,,,,,,,,
107,68309,Fruits et légumes,Fruits frais,Bananes et kiwis,Kiwi gold,0.99,0.99,,,,,,,,,,,,
107,1128643,Fruits et légumes,Fruits frais,Bananes et kiwis,Kiwi barquette 1 kg,4.29,4.29,,,,,,,,,,,,
107,2337957,Fruits et légumes,Fruits frais,Bananes et kiwis,Banane bio 5 fruits,3.32,2.49,,,,,,,,,,,,
107,3076368,Fruits et légumes,Fruits frais,Bananes et kiwis,KIWI VERT BIO BARQUETTE 4 FRUITS,16.3,4.89,,,,,,,,,,,,
107,2942070,Fruits et légumes,Fruits frais,Bananes et kiwis,Banane bio 5 fruits,3.05,2.29,,,,,,,,,,,,
107,2887116,Fruits et légumes,Fruits frais,Bananes et kiwis,Banane 5 fruits,1.8,0.99,,,,,,,,,,,,
107,1264609,Fruits et légumes,Fruits frais,Fraises et fruits rouges,Groseille rouge barquette 125g,21.52,2.69,,,,,,,,,,,,
107,3075525,Fruits et légumes,Fruits frais,Fraises et fruits rouges,CERISE BARQUETTE 250G,19.96,4.99,,,,,,,,,,,,
107,2561688,Fruits et légumes,Fruits frais,Fraises et fruits rouges,Fraise barquette 250g,11.96,2.99,,,,,,,,,,,,
107,2582979,Fruits et légumes,Fruits frais,Fraises et fruits rouges,Myrtille seau 500 g,13.98,6.99,,,,,,,,,,,,
107,19207,Fruits et légumes,Fruits frais,Melons et pastèques,Melon charentais jaune,5.99,5.99,,,,,,,,,,,,
107,25986,Fruits et légumes,Fruits frais,Melons et pastèques,Melon jaune la pièce,4.99,4.99,,,,,,,,,,,,
107,301759,Fruits et légumes,Fruits frais,Fruits exotiques,Citron vert VRAC,4.99,0.46,,,,,,,,,,,,
107,25985,Fruits et légumes,Fruits frais,Fruits exotiques,Mangue,1.99,1.99,,,,,,,,,,,,
107,3042189,Fruits et légumes,Fruits frais,Fruits exotiques,KAKI LA PIECE,0.69,0.69,,,,,,,,,,,,
107,25993,Fruits et légumes,Fruits frais,Fruits exotiques,Ananas extrasweet,1.99,1.99,,,,,,,,,,,,
107,66758,Fruits et légumes,Fruits frais,Fruits exotiques,Patate douce chair orange,2.99,1.23,,,,,,,,,,,,
107,1163212,Fruits et légumes,Fruits frais,Fruits exotiques,Gingembre frais,10.99,4.15,,,,,,,,,,,,
107,999205,Fruits et légumes,Fruits frais,Fruits exotiques,Grenade pièce,1.99,1.99,,,,,,,,,,,,
107,1043176,Fruits et légumes,Fruits frais,Fruits exotiques,Seeberger chips banaes sucrées 150g,15.93,2.39,,,,,,,,,,,,
107,127720,Fruits et légumes,Fruits frais,Fruits exotiques,Noix de coco,2.29,2.29,,,,,,,,,,,,
107,3060027,Fruits et légumes,Fruits frais,Fruits exotiques,CITRON CAVIAR BARQUETTE 50G,199.8,9.99,,,,,,,,,,,,
107,2616489,Fruits et légumes,Fruits frais,Fruits exotiques,Lime filet 500g,7.38,3.69,,,,,,,,,,,,
107,3067191,Fruits et légumes,Fruits frais,Fruits exotiques,KAKI PERSIMON BARQUETTE 1 KG,3.49,3.49,,,,,,,,,,,,
107,1277323,Fruits et légumes,Fruits frais,Fruits exotiques,Banane séchée barquette 250g,13.96,3.49,,,,,,,,,,,,
107,1125493,Fruits et légumes,Fruits frais,Fruits exotiques,Ananas sweet 7 la piece,1.99,1.99,,,,,,,,,,,,
107,651559,Fruits et légumes,Légumes frais,Légumes de saison,Avocat Hass,1.99,1.99,,,,,,,,,,,,
107,15936,Fruits et légumes,Légumes frais,Légumes de saison,Cora oignon jaune 1kg,2.99,2.99,,,,,,,,,,,,
107,2568234,Fruits et légumes,Légumes frais,Légumes de saison,Carotte cora sachet 1.5 kg,1.99,2.99,,,,,,,,,,,,
107,76190,Fruits et légumes,Légumes frais,Légumes de saison,Avocats 2 fruits Cora Dégustation,2.0,3.99,,,,,,,,,,,,
107,17759,Fruits et légumes,Légumes frais,Légumes de saison,Salade Batavia blonde,1.29,1.29,,,,,,,,,,,,
107,15932,Fruits et légumes,Légumes frais,Légumes de saison,Cora échalote traditionnelle longue 250g,8.76,2.19,,,,,,,,,,,,
107,2335821,Fruits et légumes,Légumes frais,Légumes de saison,Pomme de terre amandine Cora 2kg,2.4,4.79,,,,,,,,,,,,
107,15861,Fruits et légumes,Légumes frais,Légumes de saison,"Cora Pomme de terre 2,5kg",1.82,4.55,,,,,,,,,,,,
107,32071,Fruits et légumes,Légumes frais,Légumes de saison,Ail blanc 3 tetes cora le filet,13.89,3.89,,,,,,,,,,,,
107,1139029,Fruits et légumes,Légumes frais,Légumes de saison,Cora échalote traditionnelle longue 500g,6.64,3.32,,,,,,,,,,,,
107,16028,Fruits et légumes,Légumes frais,Légumes de saison,Cora Oignon rouge 500g,5.92,2.96,,,,,,,,,,,,
107,186841,Fruits et légumes,Légumes frais,Légumes de saison,Poireau le kilo,2.89,0.78,,,,,,,,,,,,
107,2800515,Fruits et légumes,Légumes frais,Légumes de saison,Jeune pousse mache cora barquette 125g,7.92,0.99,,,,,,,,,,,,
107,15934,Fruits et légumes,Légumes frais,Légumes de saison,"Cora oignon jaune 500g, 4 bulbes",5.38,2.69,,,,,,,,,,,,
107,15871,Fruits et légumes,Légumes frais,Légumes de saison,"Cora pomme de terre spéciales frites 2,5kg",1.8,4.49,,,,,,,,,,,,
107,2335824,Fruits et légumes,Légumes frais,Légumes de saison,Pomme de terre spécial four 2kg,0.9,1.79,,,,,,,,,,,,
107,488191,Fruits et légumes,Légumes frais,Légumes de saison,Roquette Cora 125g,10.32,1.29,,,,,,,,,,,,
107,15933,Fruits et légumes,Légumes frais,Légumes de saison,Cora oignon jaune saucier 500g,5.48,2.74,,,,,,,,,,,,
107,3053727,Fruits et légumes,Légumes frais,Légumes de saison,Mélange jeunes pousses Cora 125g,10.32,1.29,,,,,,,,,,,,
107,2602914,Fruits et légumes,Légumes frais,Légumes de saison,Oignon jaune,4.49,1.36,,,,,,,,,,,,
107,2616927,Fruits et légumes,Légumes frais,Légumes de saison,Pomme de terre filet 5kg,1.08,5.39,,,,,,,,,,,,
107,45786,Fruits et légumes,Légumes frais,Légumes de saison,Navet,2.69,0.24,,,,,,,,,,,,
107,35866,Fruits et légumes,Légumes frais,Légumes de saison,Endive sachet 4 pièces,2.19,2.19,,,,,,,,,,,,
107,2580960,Fruits et légumes,Légumes frais,Légumes de saison,Ail blanc,16.95,1.86,,,,,,,,,,,,
107,66756,Fruits et légumes,Légumes frais,Légumes de saison,Céleri branche,2.69,0.36,,,,,,,,,,,,
107,2335056,Fruits et légumes,Légumes frais,Légumes de saison,Endive perle du nord 1kg,3.99,3.99,,,,,,,,,,,,
107,25984,Fruits et légumes,Légumes frais,Légumes de saison,Radis rose en botte,1.69,1.69,,,,,,,,,,,,
107,2602917,Fruits et légumes,Légumes frais,Légumes de saison,Oignon rouge au kilo,5.49,0.83,,,,,,,,,,,,
107,874174,Fruits et légumes,Légumes frais,Légumes de saison,Bottes de persil plat,1.99,1.99,,,,,,,,,,,,
107,2599608,Fruits et légumes,Légumes frais,Légumes de saison,Pomme de terre chair ferme rouge 1 kg,1.19,1.19,,,,,,,,,,,,
107,1192639,Fruits et légumes,Légumes frais,Légumes de saison,Sucrine rouge sachet 3 pieces,2.49,2.49,,,,,,,,,,,,
107,2916300,Fruits et légumes,Légumes frais,Légumes de saison,Ail blanc filet 2 têtes,0.99,0.99,,,,,,,,,,,,
107,25996,Fruits et légumes,Légumes frais,Légumes de saison,Carotte botte,1.99,1.99,,,,,,,,,,,,
107,25991,Fruits et légumes,Légumes frais,Légumes de saison,Chou vert la pièce,2.99,2.99,,,,,,,,,,,,
107,1150078,Fruits et légumes,Légumes frais,Légumes de saison,Pomme de terre de consommation,1.99,0.39,,,,,,,,,,,,
107,2616957,Fruits et légumes,Légumes frais,Légumes de saison,Echalote longue traditionnelle,5.99,0.29,,,,,,,,,,,,
107,66587,Fruits et légumes,Légumes frais,Légumes de saison,Fenouil,3.99,1.41,,,,,,,,,,,,
107,1139062,Fruits et légumes,Légumes frais,Légumes de saison,Salade stickee,2.2,0.99,,,,,,,,,,,,
107,1234513,Fruits et légumes,Légumes frais,Légumes de saison,Brocoli 500g,2.98,1.49,,,,,,,,,,,,
107,25992,Fruits et légumes,Légumes frais,Légumes de saison,Choux fleur,3.69,3.69,,,,,,,,,,,,
107,66523,Fruits et légumes,Légumes frais,Légumes de saison,Oignon botte,3.29,3.29,,,,,,,,,,,,
107,2599611,Fruits et légumes,Légumes frais,Légumes de saison,Pomme de terre chair ferme rouge filet 1 kg,1.19,1.19,,,,,,,,,,,,
107,2600529,Fruits et légumes,Légumes frais,Légumes de saison,Oignon rouge filet 500g,1.98,0.99,,,,,,,,,,,,
107,66187,Fruits et légumes,Légumes frais,Légumes de saison,Haricot vert,4.99,1.0,,,,,,,,,,,,
107,25989,Fruits et légumes,Légumes frais,Légumes de saison,Choux blanc la pièce,2.49,2.49,,,,,,,,,,,,
107,2808687,Fruits et légumes,Légumes frais,Légumes de saison,Salade romaine sachet 2 pieces,3.69,3.69,,,,,,,,,,,,
107,716290,Fruits et légumes,Légumes frais,Légumes de saison,Coriandre 30g,66.33,1.99,,,,,,,,,,,,
107,17760,Fruits et légumes,Légumes frais,Légumes de saison,Laitue blonde,1.49,1.49,,,,,,,,,,,,
107,716293,Fruits et légumes,Légumes frais,Légumes de saison,Ciboulette 30g,66.33,1.99,,,,,,,,,,,,
107,716287,Fruits et légumes,Légumes frais,Légumes de saison,Menthe 30g,66.33,1.99,,,,,,,,,,,,
107,2599605,Fruits et légumes,Légumes frais,Légumes de saison,Pomme de terre conso blanche,0.99,0.99,,,,,,,,,,,,
107,716284,Fruits et légumes,Légumes frais,Légumes de saison,Basilic botte 30g,66.33,1.99,,,,,,,,,,,,
107,2599548,Fruits et légumes,Légumes frais,Légumes de saison,Laitue iceberg,1.29,1.29,,,,,,,,,,,,
107,1096807,Fruits et légumes,Légumes frais,Légumes de saison,Betterave 2 x500g,2.29,2.29,,,,,,,,,,,,
107,2877210,Fruits et légumes,Légumes frais,Légumes de saison,Betterave rouge label rouge le paquet de 500 g,3.38,1.69,,,,,,,,,,,,
107,25995,Fruits et légumes,Légumes frais,Légumes de saison,Artichaut,2.49,2.49,,,,,,,,,,,,
107,1251772,Fruits et légumes,Légumes frais,Légumes de saison,Brocoli filme 500g,2.38,1.19,,,,,,,,,,,,
107,2877213,Fruits et légumes,Légumes frais,Légumes de saison,Betterave rouge betty framboise le lo de 2x225g,6.42,2.89,,,,,,,,,,,,
107,2430630,Fruits et légumes,Légumes frais,Légumes de saison,Royal Saveurs ail blanc bio 3 têtes,32.6,4.89,,,,,,,,,,,,
107,25990,Fruits et légumes,Légumes frais,Légumes de saison,Choux rouge,2.49,2.49,,,,,,,,,,,,
107,1129573,Fruits et légumes,Légumes frais,Légumes de saison,Epinard 400g,7.23,2.89,,,,,,,,,,,,
107,312511,Fruits et légumes,Légumes frais,Légumes de saison,Carotte des sables,2.49,1.25,,,,,,,,,,,,
107,1127602,Fruits et légumes,Légumes frais,Légumes de saison,Haricot coco plat sachet 400 g,6.73,2.69,,,,,,,,,,,,
107,987082,Fruits et légumes,Légumes frais,Légumes de saison,Panais,2.99,1.19,,,,,,,,,,,,
107,66522,Fruits et légumes,Légumes frais,Légumes de saison,Radis noir la pièce,2.29,2.29,,,,,,,,,,,,
107,35867,Fruits et légumes,Légumes frais,Légumes de saison,Perle du Nord jeunes pousses d'endives spéciales apéritif,2.99,2.99,,,,,,,,,,,,
107,2448810,Fruits et légumes,Légumes frais,Légumes de saison,Oignon rouge bio 500g,5.58,2.79,,,,,,,,,,,,
107,25997,Fruits et légumes,Légumes frais,Légumes de saison,Celeri rave la pièce,2.49,2.49,,,,,,,,,,,,
107,1173403,Fruits et légumes,Légumes frais,Légumes de saison,Bouquet garni volaille,2.89,2.89,,,,,,,,,,,,
107,3042843,Fruits et légumes,Légumes frais,Légumes de saison,Herbe fraiche coriandre barquette 15g,66.67,1.0,,,,,,,,,,,,
107,2877216,Fruits et légumes,Légumes frais,Légumes de saison,Betterave betty loire noix 225g,7.51,1.69,,,,,,,,,,,,
107,2523024,Fruits et légumes,Légumes frais,Légumes de saison,AIL TRESSE VIOLET 500G,17.98,8.99,,,,,,,,,,,,
107,1139026,Fruits et légumes,Légumes frais,Légumes de saison,Chou de bruxelles sachet,3.98,1.99,,,,,,,,,,,,
107,90620,Fruits et légumes,Légumes frais,Légumes de saison,Royal saveur échalote traditionnel bio filet 250g,10.76,2.69,,,,,,,,,,,,
107,3090759,Fruits et légumes,Légumes frais,Légumes de saison,POMME DE TERRE FINE DE RATTE RATTE DU TOUQUET BOURRICHE 1KG,5.99,5.99,,,,,,,,,,,,
107,2784231,Fruits et légumes,Légumes frais,Légumes de saison,CAROTTE BIO SACHET 1.5 KG,3.06,4.59,,,,,,,,,,,,
107,2554881,Fruits et légumes,Légumes frais,Légumes de saison,Poireau en botte 1kg,3.29,3.29,,,,,,,,,,,,
107,2450727,Fruits et légumes,Légumes frais,Légumes de saison,Oignon jaune bio filet 1kg,3.99,3.99,,,,,,,,,,,,
107,1027645,Fruits et légumes,Légumes frais,Légumes de saison,Topinambour vrac,3.29,0.36,,,,,,,,,,,,
107,1022737,Fruits et légumes,Légumes frais,Légumes de saison,Rutabaga vrac,3.29,0.69,,,,,,,,,,,,
107,1141783,Fruits et légumes,Légumes frais,Légumes de saison,Haricot vert 250g,11.96,2.99,,,,,,,,,,,,
107,1173415,Fruits et légumes,Légumes frais,Légumes de saison,Bouquet garni porc,2.89,2.89,,,,,,,,,,,,
107,1173400,Fruits et légumes,Légumes frais,Légumes de saison,Bouquet garni pot au feu,2.89,2.89,,,,,,,,,,,,
107,2600532,Fruits et légumes,Légumes frais,Légumes de saison,Echalote longue traditionnelle filet 350g,2.83,0.99,,,,,,,,,,,,
107,2543871,Fruits et légumes,Légumes frais,Légumes de saison,Oignon rosé de roscoff tresse 1kg aop,4.49,4.49,,,,,,,,,,,,
107,1230382,Fruits et légumes,Légumes frais,Légumes de saison,Navet jaune le kilo,3.29,3.29,,,,,,,,,,,,
107,1173412,Fruits et légumes,Légumes frais,Légumes de saison,Bouquet garni poisson,2.89,2.89,,,,,,,,,,,,
107,90631,Fruits et légumes,Légumes frais,Légumes de saison,Royal Saveurs oignon jaune bio 500 g,4.58,2.29,,,,,,,,,,,,
107,3090765,Fruits et légumes,Légumes frais,Légumes de saison,Salade Feuille de chêne blonde,1.29,1.29,,,,,,,,,,,,
107,3073644,Fruits et légumes,Légumes frais,Légumes de saison,Florette aneth 11g,166.36,1.83,A,,,,,,,,,,,
107,3036063,Fruits et légumes,Légumes frais,Légumes de saison,PERSIL FRISEE LA BOTTE DE 30G,66.33,1.99,,,,,,,,,,,,
107,3015312,Fruits et légumes,Légumes frais,Légumes de saison,Pois gourmand barquette 250 g,11.96,2.99,,,,,,,,,,,,
107,2877591,Fruits et légumes,Légumes frais,Légumes de saison,Potée barquette 1.5 kg,3.53,5.29,,,,,,,,,,,,
107,2810571,Fruits et légumes,Légumes frais,Légumes de saison,AIL NOIR BOITE 1 TETE,,8.99,,,,,,,,,,,,
107,2536572,Fruits et légumes,Légumes frais,Légumes de saison,Chanterelle grise,14.99,2.25,,,,,,,,,,,,
107,2473428,Fruits et légumes,Légumes frais,Légumes de saison,"Oignon jaune d-pack 1,5kg",2.19,3.29,,,,,,,,,,,,
107,411901,Fruits et légumes,Légumes frais,Légumes de saison,Carotte de couleur,3.49,1.75,,,,,,,,,,,,
107,716296,Fruits et légumes,Légumes frais,Légumes de saison,Aneth 30g,66.33,1.99,,,,,,,,,,,,
107,1173409,Fruits et légumes,Légumes frais,Légumes de saison,Bouquet garni agneau,2.89,2.89,,,,,,,,,,,,
107,1173406,Fruits et légumes,Légumes frais,Légumes de saison,Bouquet garni lapin,2.89,2.89,,,,,,,,,,,,
107,56122,Fruits et légumes,Légumes frais,Tomates et concombres,Tomate ronde grappe,4.99,0.66,,,,,,,,,,,,
107,17762,Fruits et légumes,Légumes frais,Tomates et concombres,Concombre,1.79,1.79,,,,,,,,,,,,
107,290494,Fruits et légumes,Légumes frais,Tomates et concombres,Tomate cerise ronde 250g,0.99,0.99,,,,,,,,,,,,
107,318589,Fruits et légumes,Légumes frais,Tomates et concombres,Tomate ronde à farcir,4.99,1.82,,,,,,,,,,,,
107,2943564,Fruits et légumes,Légumes frais,Tomates et concombres,Concombre noa,4.99,1.43,,,,,,,,,,,,
107,480919,Fruits et légumes,Légumes frais,Tomates et concombres,Tomate allongée,3.99,2.39,,,,,,,,,,,,
107,3067662,Fruits et légumes,Légumes frais,Tomates et concombres,Tomate cerise ronde mixte 400g,5.0,2.0,,,,,,,,,,,,
107,3067659,Fruits et légumes,Légumes frais,Tomates et concombres,Tomate cerise allongée 500g STIKEE,4.0,2.0,,,,,,,,,,,,
107,2335782,Fruits et légumes,Légumes frais,Tomates et concombres,Tomate ronde filet,4.29,4.29,,,,,,,,,,,,
107,3067671,Fruits et légumes,Légumes frais,Tomates et concombres,Tomate cerise allongée 250G,7.96,1.99,,,,,,,,,,,,
107,2616927,Fruits et légumes,Légumes frais,Pommes de terre,Pomme de terre filet 5kg,1.08,5.39,,,,,,,,,,,,
107,2335821,Fruits et légumes,Légumes frais,Pommes de terre,Pomme de terre amandine Cora 2kg,2.4,4.79,,,,,,,,,,,,
107,15861,Fruits et légumes,Légumes frais,Pommes de terre,"Cora Pomme de terre 2,5kg",1.82,4.55,,,,,,,,,,,,
107,15871,Fruits et légumes,Légumes frais,Pommes de terre,"Cora pomme de terre spéciales frites 2,5kg",1.8,4.49,,,,,,,,,,,,
107,2335824,Fruits et légumes,Légumes frais,Pommes de terre,Pomme de terre spécial four 2kg,0.9,1.79,,,,,,,,,,,,
107,2599608,Fruits et légumes,Légumes frais,Pommes de terre,Pomme de terre chair ferme rouge 1 kg,1.19,1.19,,,,,,,,,,,,
107,1150078,Fruits et légumes,Légumes frais,Pommes de terre,Pomme de terre de consommation,1.99,0.39,,,,,,,,,,,,
107,2599611,Fruits et légumes,Légumes frais,Pommes de terre,Pomme de terre chair ferme rouge filet 1 kg,1.19,1.19,,,,,,,,,,,,
107,2599605,Fruits et légumes,Légumes frais,Pommes de terre,Pomme de terre conso blanche,0.99,0.99,,,,,,,,,,,,
107,3090759,Fruits et légumes,Légumes frais,Pommes de terre,POMME DE TERRE FINE DE RATTE RATTE DU TOUQUET BOURRICHE 1KG,5.99,5.99,,,,,,,,,,,,
107,186841,Fruits et légumes,Légumes frais,Poireaux et navets,Poireau le kilo,2.89,0.78,,,,,,,,,,,,
107,45786,Fruits et légumes,Légumes frais,Poireaux et navets,Navet,2.69,0.24,,,,,,,,,,,,
107,2554881,Fruits et légumes,Légumes frais,Poireaux et navets,Poireau en botte 1kg,3.29,3.29,,,,,,,,,,,,
107,1230382,Fruits et légumes,Légumes frais,Poireaux et navets,Navet jaune le kilo,3.29,3.29,,,,,,,,,,,,
107,25991,Fruits et légumes,Légumes frais,"Choux, brocolis et artichauts",Chou vert la pièce,2.99,2.99,,,,,,,,,,,,
107,1234513,Fruits et légumes,Légumes frais,"Choux, brocolis et artichauts",Brocoli 500g,2.98,1.49,,,,,,,,,,,,
107,25992,Fruits et légumes,Légumes frais,"Choux, brocolis et artichauts",Choux fleur,3.69,3.69,,,,,,,,,,,,
107,25989,Fruits et légumes,Légumes frais,"Choux, brocolis et artichauts",Choux blanc la pièce,2.49,2.49,,,,,,,,,,,,
107,25995,Fruits et légumes,Légumes frais,"Choux, brocolis et artichauts",Artichaut,2.49,2.49,,,,,,,,,,,,
107,1251772,Fruits et légumes,Légumes frais,"Choux, brocolis et artichauts",Brocoli filme 500g,2.38,1.19,,,,,,,,,,,,
107,25990,Fruits et légumes,Légumes frais,"Choux, brocolis et artichauts",Choux rouge,2.49,2.49,,,,,,,,,,,,
107,1139026,Fruits et légumes,Légumes frais,"Choux, brocolis et artichauts",Chou de bruxelles sachet,3.98,1.99,,,,,,,,,,,,
107,2568234,Fruits et légumes,Légumes frais,"Carottes, radis et betteraves",Carotte cora sachet 1.5 kg,1.99,2.99,,,,,,,,,,,,
107,25984,Fruits et légumes,Légumes frais,"Carottes, radis et betteraves",Radis rose en botte,1.69,1.69,,,,,,,,,,,,
107,25996,Fruits et légumes,Légumes frais,"Carottes, radis et betteraves",Carotte botte,1.99,1.99,,,,,,,,,,,,
107,1096807,Fruits et légumes,Légumes frais,"Carottes, radis et betteraves",Betterave 2 x500g,2.29,2.29,,,,,,,,,,,,
107,2877210,Fruits et légumes,Légumes frais,"Carottes, radis et betteraves",Betterave rouge label rouge le paquet de 500 g,3.38,1.69,,,,,,,,,,,,
107,2877213,Fruits et légumes,Légumes frais,"Carottes, radis et betteraves",Betterave rouge betty framboise le lo de 2x225g,6.42,2.89,,,,,,,,,,,,
107,312511,Fruits et légumes,Légumes frais,"Carottes, radis et betteraves",Carotte des sables,2.49,1.25,,,,,,,,,,,,
107,66522,Fruits et légumes,Légumes frais,"Carottes, radis et betteraves",Radis noir la pièce,2.29,2.29,,,,,,,,,,,,
107,2877216,Fruits et légumes,Légumes frais,"Carottes, radis et betteraves",Betterave betty loire noix 225g,7.51,1.69,,,,,,,,,,,,
107,2784231,Fruits et légumes,Légumes frais,"Carottes, radis et betteraves",CAROTTE BIO SACHET 1.5 KG,3.06,4.59,,,,,,,,,,,,
107,411901,Fruits et légumes,Légumes frais,"Carottes, radis et betteraves",Carotte de couleur,3.49,1.75,,,,,,,,,,,,
107,66187,Fruits et légumes,Légumes frais,Haricots et petits pois,Haricot vert,4.99,1.0,,,,,,,,,,,,
107,1127602,Fruits et légumes,Légumes frais,Haricots et petits pois,Haricot coco plat sachet 400 g,6.73,2.69,,,,,,,,,,,,
107,1141783,Fruits et légumes,Légumes frais,Haricots et petits pois,Haricot vert 250g,11.96,2.99,,,,,,,,,,,,
107,3015312,Fruits et légumes,Légumes frais,Haricots et petits pois,Pois gourmand barquette 250 g,11.96,2.99,,,,,,,,,,,,
107,15936,Fruits et légumes,Légumes frais,"Oignons, ails, échalotes, herbes aromatiques",Cora oignon jaune 1kg,2.99,2.99,,,,,,,,,,,,
107,15932,Fruits et légumes,Légumes frais,"Oignons, ails, échalotes, herbes aromatiques",Cora échalote traditionnelle longue 250g,8.76,2.19,,,,,,,,,,,,
107,2602914,Fruits et légumes,Légumes frais,"Oignons, ails, échalotes, herbes aromatiques",Oignon jaune,4.49,1.36,,,,,,,,,,,,
107,32071,Fruits et légumes,Légumes frais,"Oignons, ails, échalotes, herbes aromatiques",Ail blanc 3 tetes cora le filet,13.89,3.89,,,,,,,,,,,,
107,1139029,Fruits et légumes,Légumes frais,"Oignons, ails, échalotes, herbes aromatiques",Cora échalote traditionnelle longue 500g,6.64,3.32,,,,,,,,,,,,
107,16028,Fruits et légumes,Légumes frais,"Oignons, ails, échalotes, herbes aromatiques",Cora Oignon rouge 500g,5.92,2.96,,,,,,,,,,,,
107,15934,Fruits et légumes,Légumes frais,"Oignons, ails, échalotes, herbes aromatiques","Cora oignon jaune 500g, 4 bulbes",5.38,2.69,,,,,,,,,,,,
107,2580960,Fruits et légumes,Légumes frais,"Oignons, ails, échalotes, herbes aromatiques",Ail blanc,16.95,1.86,,,,,,,,,,,,
107,15933,Fruits et légumes,Légumes frais,"Oignons, ails, échalotes, herbes aromatiques",Cora oignon jaune saucier 500g,5.48,2.74,,,,,,,,,,,,
107,2602917,Fruits et légumes,Légumes frais,"Oignons, ails, échalotes, herbes aromatiques",Oignon rouge au kilo,5.49,0.83,,,,,,,,,,,,
107,874174,Fruits et légumes,Légumes frais,"Oignons, ails, échalotes, herbes aromatiques",Bottes de persil plat,1.99,1.99,,,,,,,,,,,,
107,2916300,Fruits et légumes,Légumes frais,"Oignons, ails, échalotes, herbes aromatiques",Ail blanc filet 2 têtes,0.99,0.99,,,,,,,,,,,,
107,2616957,Fruits et légumes,Légumes frais,"Oignons, ails, échalotes, herbes aromatiques",Echalote longue traditionnelle,5.99,0.29,,,,,,,,,,,,
107,66587,Fruits et légumes,Légumes frais,"Oignons, ails, échalotes, herbes aromatiques",Fenouil,3.99,1.41,,,,,,,,,,,,
107,66523,Fruits et légumes,Légumes frais,"Oignons, ails, échalotes, herbes aromatiques",Oignon botte,3.29,3.29,,,,,,,,,,,,
107,2600529,Fruits et légumes,Légumes frais,"Oignons, ails, échalotes, herbes aromatiques",Oignon rouge filet 500g,1.98,0.99,,,,,,,,,,,,
107,716290,Fruits et légumes,Légumes frais,"Oignons, ails, échalotes, herbes aromatiques",Coriandre 30g,66.33,1.99,,,,,,,,,,,,
107,716293,Fruits et légumes,Légumes frais,"Oignons, ails, échalotes, herbes aromatiques",Ciboulette 30g,66.33,1.99,,,,,,,,,,,,
107,716287,Fruits et légumes,Légumes frais,"Oignons, ails, échalotes, herbes aromatiques",Menthe 30g,66.33,1.99,,,,,,,,,,,,
107,716284,Fruits et légumes,Légumes frais,"Oignons, ails, échalotes, herbes aromatiques",Basilic botte 30g,66.33,1.99,,,,,,,,,,,,
107,2430630,Fruits et légumes,Légumes frais,"Oignons, ails, échalotes, herbes aromatiques",Royal Saveurs ail blanc bio 3 têtes,32.6,4.89,,,,,,,,,,,,
107,2448810,Fruits et légumes,Légumes frais,"Oignons, ails, échalotes, herbes aromatiques",Oignon rouge bio 500g,5.58,2.79,,,,,,,,,,,,
107,1173403,Fruits et légumes,Légumes frais,"Oignons, ails, échalotes, herbes aromatiques",Bouquet garni volaille,2.89,2.89,,,,,,,,,,,,
107,3042843,Fruits et légumes,Légumes frais,"Oignons, ails, échalotes, herbes aromatiques",Herbe fraiche coriandre barquette 15g,66.67,1.0,,,,,,,,,,,,
107,2523024,Fruits et légumes,Légumes frais,"Oignons, ails, échalotes, herbes aromatiques",AIL TRESSE VIOLET 500G,17.98,8.99,,,,,,,,,,,,
107,90620,Fruits et légumes,Légumes frais,"Oignons, ails, échalotes, herbes aromatiques",Royal saveur échalote traditionnel bio filet 250g,10.76,2.69,,,,,,,,,,,,
107,2450727,Fruits et légumes,Légumes frais,"Oignons, ails, échalotes, herbes aromatiques",Oignon jaune bio filet 1kg,3.99,3.99,,,,,,,,,,,,
107,1173415,Fruits et légumes,Légumes frais,"Oignons, ails, échalotes, herbes aromatiques",Bouquet garni porc,2.89,2.89,,,,,,,,,,,,
107,1173400,Fruits et légumes,Légumes frais,"Oignons, ails, échalotes, herbes aromatiques",Bouquet garni pot au feu,2.89,2.89,,,,,,,,,,,,
107,2600532,Fruits et légumes,Légumes frais,"Oignons, ails, échalotes, herbes aromatiques",Echalote longue traditionnelle filet 350g,2.83,0.99,,,,,,,,,,,,
107,2543871,Fruits et légumes,Légumes frais,"Oignons, ails, échalotes, herbes aromatiques",Oignon rosé de roscoff tresse 1kg aop,4.49,4.49,,,,,,,,,,,,
107,1173412,Fruits et légumes,Légumes frais,"Oignons, ails, échalotes, herbes aromatiques",Bouquet garni poisson,2.89,2.89,,,,,,,,,,,,
107,90631,Fruits et légumes,Légumes frais,"Oignons, ails, échalotes, herbes aromatiques",Royal Saveurs oignon jaune bio 500 g,4.58,2.29,,,,,,,,,,,,
107,3073644,Fruits et légumes,Légumes frais,"Oignons, ails, échalotes, herbes aromatiques",Florette aneth 11g,166.36,1.83,A,,,,,,,,,,,
107,3036063,Fruits et légumes,Légumes frais,"Oignons, ails, échalotes, herbes aromatiques",PERSIL FRISEE LA BOTTE DE 30G,66.33,1.99,,,,,,,,,,,,
107,2810571,Fruits et légumes,Légumes frais,"Oignons, ails, échalotes, herbes aromatiques",AIL NOIR BOITE 1 TETE,,8.99,,,,,,,,,,,,
107,2473428,Fruits et légumes,Légumes frais,"Oignons, ails, échalotes, herbes aromatiques","Oignon jaune d-pack 1,5kg",2.19,3.29,,,,,,,,,,,,
107,716296,Fruits et légumes,Légumes frais,"Oignons, ails, échalotes, herbes aromatiques",Aneth 30g,66.33,1.99,,,,,,,,,,,,
107,1173409,Fruits et légumes,Légumes frais,"Oignons, ails, échalotes, herbes aromatiques",Bouquet garni agneau,2.89,2.89,,,,,,,,,,,,
107,1173406,Fruits et légumes,Légumes frais,"Oignons, ails, échalotes, herbes aromatiques",Bouquet garni lapin,2.89,2.89,,,,,,,,,,,,
107,45942,Fruits et légumes,Légumes frais,"Poivrons, courgettes et aubergines",Courgette longue verte,3.49,0.98,,,,,,,,,,,,
107,75741,Fruits et légumes,Légumes frais,"Poivrons, courgettes et aubergines",Poivron rouge,3.99,0.62,,,,,,,,,,,,
107,50021,Fruits et légumes,Légumes frais,"Poivrons, courgettes et aubergines",Aubergine longue,3.99,1.53,,,,,,,,,,,,
107,1027642,Fruits et légumes,Légumes frais,"Poivrons, courgettes et aubergines",Piment vert vrac,2.69,0.08,,,,,,,,,,,,
107,696187,Fruits et légumes,Légumes frais,"Poivrons, courgettes et aubergines",Courge Butternut,2.69,2.69,,,,,,,,,,,,
107,931156,Fruits et légumes,Légumes frais,"Poivrons, courgettes et aubergines",Courge Potimarron,2.49,2.49,,,,,,,,,,,,
107,2335764,Fruits et légumes,Légumes frais,"Poivrons, courgettes et aubergines",Aubergine noire filet 1kg,4.29,4.29,,,,,,,,,,,,
107,2334885,Fruits et légumes,Légumes frais,"Poivrons, courgettes et aubergines",Poivron tricolore 500g,4.98,2.49,,,,,,,,,,,,
107,52630,Fruits et légumes,Légumes frais,"Poivrons, courgettes et aubergines",Poivron jaune,3.99,0.69,,,,,,,,,,,,
107,1367353,Fruits et légumes,Légumes frais,"Poivrons, courgettes et aubergines",Poivron bio bicolore 2 fruits,8.3,2.49,,,,,,,,,,,,
107,933046,Fruits et légumes,Légumes frais,"Poivrons, courgettes et aubergines",Courge Muscade,6.99,6.99,,,,,,,,,,,,
107,2536572,Fruits et légumes,Légumes frais,Champignons,Chanterelle grise,14.99,2.25,,,,,,,,,,,,
107,17759,Fruits et légumes,Légumes frais,"Salades, endives, épinards, blettes",Salade Batavia blonde,1.29,1.29,,,,,,,,,,,,
107,2800515,Fruits et légumes,Légumes frais,"Salades, endives, épinards, blettes",Jeune pousse mache cora barquette 125g,7.92,0.99,,,,,,,,,,,,
107,488191,Fruits et légumes,Légumes frais,"Salades, endives, épinards, blettes",Roquette Cora 125g,10.32,1.29,,,,,,,,,,,,
107,3053727,Fruits et légumes,Légumes frais,"Salades, endives, épinards, blettes",Mélange jeunes pousses Cora 125g,10.32,1.29,,,,,,,,,,,,
107,35866,Fruits et légumes,Légumes frais,"Salades, endives, épinards, blettes",Endive sachet 4 pièces,2.19,2.19,,,,,,,,,,,,
107,2335056,Fruits et légumes,Légumes frais,"Salades, endives, épinards, blettes",Endive perle du nord 1kg,3.99,3.99,,,,,,,,,,,,
107,1192639,Fruits et légumes,Légumes frais,"Salades, endives, épinards, blettes",Sucrine rouge sachet 3 pieces,2.49,2.49,,,,,,,,,,,,
107,1139062,Fruits et légumes,Légumes frais,"Salades, endives, épinards, blettes",Salade stickee,2.2,0.99,,,,,,,,,,,,
107,2808687,Fruits et légumes,Légumes frais,"Salades, endives, épinards, blettes",Salade romaine sachet 2 pieces,3.69,3.69,,,,,,,,,,,,
107,17760,Fruits et légumes,Légumes frais,"Salades, endives, épinards, blettes",Laitue blonde,1.49,1.49,,,,,,,,,,,,
107,2599548,Fruits et légumes,Légumes frais,"Salades, endives, épinards, blettes",Laitue iceberg,1.29,1.29,,,,,,,,,,,,
107,1129573,Fruits et légumes,Légumes frais,"Salades, endives, épinards, blettes",Epinard 400g,7.23,2.89,,,,,,,,,,,,
107,35867,Fruits et légumes,Légumes frais,"Salades, endives, épinards, blettes",Perle du Nord jeunes pousses d'endives spéciales apéritif,2.99,2.99,,,,,,,,,,,,
107,3090765,Fruits et légumes,Légumes frais,"Salades, endives, épinards, blettes",Salade Feuille de chêne blonde,1.29,1.29,,,,,,,,,,,,
107,651559,Fruits et légumes,Légumes frais,Avocats et légumes exotiques,Avocat Hass,1.99,1.99,,,,,,,,,,,,
107,76190,Fruits et légumes,Légumes frais,Avocats et légumes exotiques,Avocats 2 fruits Cora Dégustation,2.0,3.99,,,,,,,,,,,,
107,66756,Fruits et légumes,Légumes frais,Autres légumes,Céleri branche,2.69,0.36,,,,,,,,,,,,
107,987082,Fruits et légumes,Légumes frais,Autres légumes,Panais,2.99,1.19,,,,,,,,,,,,
107,25997,Fruits et légumes,Légumes frais,Autres légumes,Celeri rave la pièce,2.49,2.49,,,,,,,,,,,,
107,1027645,Fruits et légumes,Légumes frais,Autres légumes,Topinambour vrac,3.29,0.36,,,,,,,,,,,,
107,1022737,Fruits et légumes,Légumes frais,Autres légumes,Rutabaga vrac,3.29,0.69,,,,,,,,,,,,
107,2877591,Fruits et légumes,Légumes frais,Autres légumes,Potée barquette 1.5 kg,3.53,5.29,,,,,,,,,,,,
107,2923155,Fruits et légumes,Fruits et légumes secs,Fruits secs et graines,NOIX DE CAJOU GRILLEE NATURE 400G,14.23,5.69,,2655.0,640.0,49.0,8.3,,25.0,6.0,23.0,3.3,0.1,
107,588859,Fruits et légumes,Fruits et légumes secs,Fruits secs et graines,Cora pruneaux d'agen dénoyauté sachet de 500g,11.98,5.99,,1059.0,250.0,0.4,0.2,,55.0,37.0,1.4,6.6,0.01,
107,1313350,Fruits et légumes,Fruits et légumes secs,Fruits secs et graines,Amandes grillées Cora sans sel 200g,19.95,3.99,,2630.0,635.0,56.0,4.2,,4.8,4.8,28.0,11.0,0.01,
107,587764,Fruits et légumes,Fruits et légumes secs,Fruits secs et graines,Cora dattes dénoyautées moelleuses 250g,9.16,2.29,,1209.0,285.0,0.3,,,64.0,58.0,2.2,6.9,,
107,1143658,Fruits et légumes,Fruits et légumes secs,Fruits secs et graines,Noix de cajou sans sel,33.27,4.99,,2596.0,625.0,50.6,8.5,,20.2,6.0,19.8,,,
107,2751249,Fruits et légumes,Fruits et légumes secs,Fruits secs et graines,CACAHUETES GRILLEES CORA 400G,9.48,3.79,,,,,,,,,,,,
107,1148968,Fruits et légumes,Fruits et légumes secs,Fruits secs et graines,Pistache coque Cora sans sel,19.56,4.89,,2425.0,585.0,49.0,6.5,,12.0,6.5,24.0,9.1,0.01,
107,586246,Fruits et légumes,Fruits et légumes secs,Fruits secs et graines,Cora cerneaux de noix 125g,31.92,3.99,,,,,,,,,,,,
107,586243,Fruits et légumes,Fruits et légumes secs,Fruits secs et graines,Cora amande poudre 125g,18.32,2.29,,,,,,,,,,,,
107,862933,Fruits et légumes,Fruits et légumes secs,Fruits secs et graines,Pruneaux Agent dénoyauté 1 kg CORA,9.89,9.89,,1070.0,253.0,0.2,0.1,,52.3,37.9,2.4,5.8,0.01,
107,590986,Fruits et légumes,Fruits et légumes secs,Fruits secs et graines,Pruneaux d'agen mi-cuits avec noyau cal 44/55 sachet refermable 500g,10.98,5.49,,968.0,229.0,,,,52.0,40.0,2.0,6.3,0.1,
107,2825190,Fruits et légumes,Fruits et légumes secs,Fruits secs et graines,PIGNON PIN SACHET DE 250 G,46.76,11.69,,2745.0,664.0,59.0,6.0,,4.1,1.4,27.0,3.3,0.01,
107,1143673,Fruits et légumes,Fruits et légumes secs,Fruits secs et graines,Cora noix de cajou 250g,21.56,5.39,,2557.0,616.0,48.0,8.5,,22.0,7.0,21.2,5.8,1.37,
107,765013,Fruits et légumes,Fruits et légumes secs,Fruits secs et graines,Cora abricots secs 500g en barquette bois,15.38,7.69,,975.0,230.0,0.4,0.2,,50.0,39.0,2.4,5.4,0.01,
107,587761,Fruits et légumes,Fruits et légumes secs,Fruits secs et graines,Mélange raisins moelleux Cora 250g,10.76,2.69,,,,,,,,,,,,
107,586249,Fruits et légumes,Fruits et légumes secs,Fruits secs et graines,Cora pignons de pin 100g,59.9,5.99,,,,,,,,,,,,
107,1235206,Fruits et légumes,Fruits et légumes secs,Fruits secs et graines,Noix de Grenoble sèches AOP sachet 500g,7.78,3.89,,2890.0,700.0,67.3,6.45,,6.88,3.0,13.3,,0.13,
107,612358,Fruits et légumes,Fruits et légumes secs,Fruits secs et graines,Cora dattes barquette bois 500g,5.38,2.69,,1350.0,319.0,0.1,0.1,,73.0,65.0,2.4,8.0,0.07,
107,587251,Fruits et légumes,Fruits et légumes secs,Fruits secs et graines,Cora figues moelleuses 250g,15.16,3.79,,,,,,,,,,,,
107,587248,Fruits et légumes,Fruits et légumes secs,Fruits secs et graines,Cora raisins sultanines 500g,7.58,3.79,,1431.0,337.0,0.8,0.2,,74.0,60.0,2.6,4.8,0.01,
107,590995,Fruits et légumes,Fruits et légumes secs,Fruits secs et graines,Cora mélange exotique 250g,9.96,2.49,,1623.0,385.0,12.0,9.7,,68.0,53.0,2.0,3.8,0.17,
107,590989,Fruits et légumes,Fruits et légumes secs,Fruits secs et graines,Cora chouchou 250g,6.4,1.6,,2158.0,515.0,24.0,5.0,,60.0,53.0,13.0,1.0,0.01,
107,588862,Fruits et légumes,Fruits et légumes secs,Fruits secs et graines,Cora Pistaches en coque grillées et salées le sachet de 250g,20.76,5.19,,2542.0,614.0,49.5,6.5,,12.0,6.5,24.5,12.0,1.6,
107,588856,Fruits et légumes,Fruits et légumes secs,Fruits secs et graines,Cora pruneaux d'Agen avec noyau calibre 44/55 1kg,9.29,9.29,,1070.0,253.0,0.2,0.1,,52.3,37.9,2.4,5.8,0.01,
107,587767,Fruits et légumes,Fruits et légumes secs,Fruits secs et graines,Cora mélange de fruits moelleux 250g,15.96,3.99,,1008.0,239.0,0.9,0.3,,51.4,33.1,2.1,8.2,0.1,
107,586231,Fruits et légumes,Fruits et légumes secs,Fruits secs et graines,Cora Pruneaux d'Agen avec noyau calibre 33/44 500g,10.98,5.49,,1059.0,250.0,0.4,0.2,,55.0,37.0,1.4,6.6,0.01,
107,586240,Fruits et légumes,Fruits et légumes secs,Fruits secs et graines,Cora amandes effilées 125g,21.52,2.69,,,,,,,,,,,,
107,581275,Fruits et légumes,Fruits et légumes secs,Fruits secs et graines,Cora Mélange japonais sachet 250g,11.96,2.99,,1674.0,396.0,5.0,1.1,,78.0,9.0,9.1,1.9,1.24,
107,522934,Fruits et légumes,Fruits et légumes secs,Fruits secs et graines,Cora mélange de graines et raisin 250g,17.16,4.29,,2115.0,508.0,32.0,4.0,,39.0,34.0,13.0,6.8,0.03,
107,612439,Fruits et légumes,Fruits et légumes secs,Fruits secs et graines,Cora figues barquette bois 500g,13.18,6.59,,1241.0,294.0,2.6,0.3,,58.0,52.0,3.3,12.0,0.2,
107,587245,Fruits et légumes,Fruits et légumes secs,Fruits secs et graines,Abricot moelleux Cora 250g,19.96,4.99,,,,,,,,,,,,
107,586237,Fruits et légumes,Fruits et légumes secs,Fruits secs et graines,Cora amandes décortiquées 125g,15.12,1.89,,,,,,,,,,,,
107,2962317,Fruits et légumes,Fruits et légumes secs,Fruits secs et graines,AMANDE POUDRE SACHET 500 G,10.58,5.29,,2625.0,635.0,56.0,4.5,,4.9,4.3,24.0,7.7,,
107,1289272,Fruits et légumes,Fruits et légumes secs,Fruits secs et graines,RAISINS SULTANINES SACHET 500G,4.58,2.29,,1291.0,292.0,0.4,0.1,,69.4,59.4,2.7,2.0,,
107,651562,Fruits et légumes,Fruits et légumes secs,Fruits secs et graines,Popcorn seau sucre 700g,8.56,5.99,,1706.0,403.0,4.4,0.4,,88.0,58.0,3.0,2.9,0.1,
107,1143670,Fruits et légumes,Fruits et légumes secs,Fruits secs et graines,Daco Bello Mélange cocktail non salé 400g,17.48,6.99,,,,,,,,,,,,
107,1277533,Fruits et légumes,Fruits et légumes secs,Fruits secs et graines,Pop-corn micro-ondable sucre 90g,13.22,1.19,,1688.0,402.0,12.2,5.7,,62.4,21.5,7.0,,0.01,
107,1025869,Fruits et légumes,Fruits et légumes secs,Fruits secs et graines,Pop corn sucré sachet 320g,7.78,2.49,,1758.0,415.0,4.4,0.5,,89.0,59.0,3.0,3.9,0.1,
107,1043206,Fruits et légumes,Fruits et légumes secs,Fruits secs et graines,Seeberger morceaux gingembre 200g,24.95,4.99,,,,,,,,,,,,
107,625471,Fruits et légumes,Fruits et légumes secs,Fruits secs et graines,Amande émondée Domino sachet 500g,11.58,5.79,,2590.0,626.0,53.0,4.0,,5.1,4.0,28.0,8.3,0.02,
107,724633,Fruits et légumes,Fruits et légumes secs,Fruits secs et graines,Movies pop Pop corn caramel le seau de 700g,8.56,5.99,,1714.5,405.0,4.4,0.5,,89.0,59.0,3.0,3.9,0.1,
107,1145410,Fruits et légumes,Fruits et légumes secs,Fruits secs et graines,Pop'box popcorn sucré micro-onde,14.9,1.49,,1837.0,439.0,15.6,7.0,,58.6,10.0,8.1,,0.1,
107,1143655,Fruits et légumes,Fruits et légumes secs,Fruits secs et graines,Grand melande sans sel,27.17,4.89,,2677.0,648.0,56.0,6.0,,8.0,5.0,23.0,,,
107,1143649,Fruits et légumes,Fruits et légumes secs,Fruits secs et graines,Pop corn salé mirco onde,13.22,1.19,,1696.0,405.0,16.8,7.4,,50.5,1.2,8.5,,2.0,
107,1148971,Fruits et légumes,Fruits et légumes secs,Fruits secs et graines,Gingembre confit 260g,16.5,4.29,,1549.0,370.0,,,,91.0,74.0,,,0.35,
107,2621640,Fruits et légumes,Fruits et légumes secs,Fruits secs et graines,Graine de courge crue bio 140g,21.36,2.99,,2300.0,550.0,44.0,,,5.0,1.0,32.0,,0.02,
107,2543931,Fruits et légumes,Fruits et légumes secs,Fruits secs et graines,Noix cajou sans sel 200g,32.95,6.59,,2619.0,631.0,50.0,9.5,,22.0,5.3,23.0,,0.05,
107,2539578,Fruits et légumes,Fruits et légumes secs,Fruits secs et graines,DATTES MEDJOUL L'ATYPIQUE 1KG,10.99,10.99,,1180.0,284.0,0.3,0.16,,71.0,65.5,2.0,,,
107,1277551,Fruits et légumes,Fruits et légumes secs,Fruits secs et graines,Pruneaux 28/33 dénoyautés 250g,19.96,4.99,,1059.0,250.0,0.4,0.2,,55.0,37.0,1.4,6.6,0.01,
107,1277548,Fruits et légumes,Fruits et légumes secs,Fruits secs et graines,Les compagnons du pruneau Pruneaux fermiers 375g,18.37,6.89,,992.0,234.0,0.5,0.1,,54.0,35.0,2.0,,0.01,
107,625387,Fruits et légumes,Fruits et légumes secs,Fruits secs et graines,PATE AMANDE TRICOLORE 250G,11.16,2.79,,,,,,,,,,,,
107,1176871,Fruits et légumes,Fruits et légumes secs,Fruits secs et graines,Graine de sésame Daco Bello,13.52,1.69,,2775.0,671.0,58.0,7.6,,9.1,1.2,23.0,9.5,0.03,
107,2690403,Fruits et légumes,Fruits et légumes secs,Fruits secs et graines,NOIX DE PECAN SANS SEL 75G,43.87,3.29,,3013.0,731.0,72.0,6.7,,5.6,3.6,11.0,,0.02,
107,2731374,Fruits et légumes,Fruits et légumes secs,Fruits secs et graines,GOUSSE DE VANILLE  X 2,7.69,7.69,,,,,,,,,,,,
107,2551263,Fruits et légumes,Fruits et légumes secs,Fruits secs et graines,WONDERFUL AMANDES GRILLEES SANS SEL SACHET 200G,28.45,5.69,A,2576.0,623.0,53.0,4.1,,10.0,4.9,21.0,,,
107,2471049,Fruits et légumes,Fruits et légumes secs,Fruits secs et graines,AMANDES GRILLEES 150G,28.6,4.29,,2700.0,653.0,57.0,4.6,,5.3,3.8,26.0,,0.02,
107,1234018,Fruits et légumes,Fruits et légumes secs,Fruits secs et graines,MENDIANT DE LUXE 150G,25.93,3.89,,2112.0,507.0,33.0,3.7,,36.0,32.0,13.0,,0.04,
107,587776,Fruits et légumes,Fruits et légumes secs,Fruits secs et graines,Nature bio raisins secs sachet 250g,10.76,2.69,,1431.0,337.0,0.8,0.2,,74.0,60.0,2.6,4.8,0.01,
107,1277593,Fruits et légumes,Fruits et légumes secs,Fruits secs et graines,Pruneau d'Agen 28/33 sachet 250g,18.36,4.59,,,,,,,,,,,,
107,1173397,Fruits et légumes,Fruits et légumes secs,Fruits secs et graines,Pruneaux dénoyautés le sachet de 500g,18.58,9.29,,1059.0,250.0,0.4,0.2,,55.0,37.0,1.4,6.6,0.01,
107,2997654,Fruits et légumes,Fruits et légumes secs,Fruits secs et graines,AMANDE EFFILEE 300G,10.97,3.29,,2625.0,635.0,56.0,4.5,,4.9,4.3,24.0,7.7,,
107,2824701,Fruits et légumes,Fruits et légumes secs,Fruits secs et graines,DATTES DEGLET DENOYAUTEES RAVIERS 400G,8.23,3.29,,1151.0,252.0,0.5,0.1,,61.1,61.1,59.5,,,
107,2743755,Fruits et légumes,Fruits et légumes secs,Fruits secs et graines,BANANE CHIPS 150G,15.93,2.39,,2248.0,537.0,26.6,26.6,,56.6,33.0,,,0.02,
107,2731104,Fruits et légumes,Fruits et légumes secs,Fruits secs et graines,NOISETTE GRILLEE 175G,5.49,5.49,,,,,,,,,,,,
107,2523288,Fruits et légumes,Fruits et légumes secs,Fruits secs et graines,NOIX DE CAJOU SANS SEL 200G,26.45,5.29,,,,,,,,,,,,
107,2523294,Fruits et légumes,Fruits et légumes secs,Fruits secs et graines,AMANDE DECORTIQUEE SANS SEL LE SACHET DE 250 G,21.16,5.29,,,,,,,,,,,,
107,2471043,Fruits et légumes,Fruits et légumes secs,Fruits secs et graines,Seeberger Noix du Brésil décortiquée 200g,34.95,6.99,,,,,,,,,,,,
107,1431307,Fruits et légumes,Fruits et légumes secs,Fruits secs et graines,CITRON CONFIT BELDI 200G,14.95,2.99,,,,,,,,,,,,
107,1143652,Fruits et légumes,Fruits et légumes secs,Fruits secs et graines,Melange fruits et graines,18.28,3.29,,1833.0,439.0,23.1,2.7,,42.6,35.0,12.4,,,
107,1277554,Fruits et légumes,Fruits et légumes secs,Fruits secs et graines,Pruneaux d'Agen dénoyautés 500g,16.58,8.29,,1059.0,250.0,0.4,0.2,,55.0,37.0,1.4,6.6,0.01,
107,1143700,Fruits et légumes,Fruits et légumes secs,Fruits secs et graines,Pruneaux fermiers desnoyautés,20.77,7.79,,992.0,234.0,0.5,0.1,,54.0,35.0,2.0,,0.1,
107,1143487,Fruits et légumes,Fruits et légumes secs,Fruits secs et graines,Maître Prunille Les Moelleux Prunilles géantes dénoyautées le sachet de 500g,18.58,9.29,,963.0,,0.6,0.4,,49.0,31.0,1.7,5.7,0.1,
107,1112737,Fruits et légumes,Fruits et légumes secs,Fruits secs et graines,Noix de Grenoble séchées AOP sachet 1kg,7.89,7.89,,2890.0,700.0,67.3,6.45,,6.88,3.0,13.3,,0.13,
107,1145404,Fruits et légumes,Fruits et légumes secs,Fruits secs et graines,Mélange salade croquante,19.12,2.39,,,,,,,,,,,,
107,2948010,Fruits et légumes,Fruits et légumes secs,Fruits secs et graines,GINGEMBRE CUBE 250G,23.96,5.99,,1591.0,380.0,,,,94.0,75.0,,,1.14,
107,2917656,Fruits et légumes,Fruits et légumes secs,Fruits secs et graines,Arachide coque grillée sachet 1kg,6.49,6.49,,2545.0,615.0,50.0,8.7,,6.1,4.7,30.0,10.1,0.03,
107,2824698,Fruits et légumes,Fruits et légumes secs,Fruits secs et graines,LAMELLES ECORCES CITRON CONFIT 200G,23.95,4.79,,1228.0,289.0,,,,72.0,59.7,0.23,,0.26,
107,2756616,Fruits et légumes,Fruits et légumes secs,Fruits secs et graines,GRAINES DE TOURNESOL GRILLEES SALEES SACHET 500G,5.98,2.99,E,2418.0,585.0,51.0,5.7,,5.1,2.8,20.0,,6.5,
107,2690400,Fruits et légumes,Fruits et légumes secs,Fruits secs et graines,NOIX D AMAZONIE SANS SEL 75G,52.67,3.95,,2850.0,691.0,66.0,16.0,,2.7,2.0,17.0,,0.01,
107,2755626,Fruits et légumes,Fruits et légumes secs,Fruits secs et graines,MELANGE DE FRUIT CONFITS MIX CAKE 200G,16.45,3.29,,1260.0,301.0,0.1,,,73.81,73.81,0.64,0.7,0.03,
107,2690406,Fruits et légumes,Fruits et légumes secs,Fruits secs et graines,CACAHUETES SANS SEL 180G,12.72,2.29,,2582.0,624.0,51.0,6.7,,10.0,5.7,27.0,,0.02,
107,2690355,Fruits et légumes,Fruits et légumes secs,Fruits secs et graines,MAIS GRAIN BIO 180G,14.94,2.69,,1588.0,376.0,3.4,0.62,,71.0,1.4,10.0,,,
107,2621691,Fruits et légumes,Fruits et légumes secs,Fruits secs et graines,Noix de cajou crue bio 120g,35.75,4.29,,2552.0,615.0,48.9,8.8,,20.8,5.0,21.2,,0.01,
107,1123660,Fruits et légumes,Fruits et légumes secs,Fruits secs et graines,Barre de nougat à l'orange 100g,39.9,3.99,,,,,,,,,,,,
107,1277131,Fruits et légumes,Fruits et légumes secs,Fruits secs et graines,Amande crue bio barquette 120g,33.25,3.99,,2461.0,595.0,49.42,3.73,,21.55,4.35,21.2,,0.03,
107,622372,Fruits et légumes,Fruits et légumes secs,Fruits secs et graines,Douchou caramel beurre salé cup 250g sun,13.16,3.29,D,2113.0,505.0,26.0,3.4,,50.0,44.0,5.5,,1.0,
107,1277542,Fruits et légumes,Fruits et légumes secs,Fruits secs et graines,Noisettes entières crues bio barquette 120g,29.92,3.59,,2629.0,628.0,60.8,4.5,,16.7,4.3,14.95,,,
107,1143679,Fruits et légumes,Fruits et légumes secs,Fruits secs et graines,WONDERFUL AMANDES GRILLEES SALEES SACHET 200G,27.45,5.49,A,2576.0,623.0,53.0,4.1,,10.0,4.9,21.0,,0.6,
107,1043194,Fruits et légumes,Fruits et légumes secs,Fruits secs et graines,NOIX DE CAJOU 200G,33.95,6.79,,,,,,,,,,,,
107,1025878,Fruits et légumes,Fruits et légumes secs,Fruits secs et graines,Pop corn sucre gobelet 125g,27.92,3.49,,1706.0,403.0,4.4,0.4,,88.0,58.0,3.0,2.9,0.1,
107,1025866,Fruits et légumes,Fruits et légumes secs,Fruits secs et graines,Pop corn caramel sachet 125g,11.12,1.39,,,,,,,,,,,,
107,63331,Fruits et légumes,Fruits et légumes secs,Fruits secs et graines,Daco Bello Formule détente 200g,23.45,4.69,,,,,,,,,,,,
107,354682,Fruits et légumes,Fruits et légumes secs,Fruits secs et graines,Daco Bello formule Zen 200g,23.45,4.69,,,,,,,,,,,,
107,1277608,Fruits et légumes,Fruits et légumes secs,Fruits secs et graines,Raisins golden sachet 250g,13.16,3.29,,1385.0,326.0,0.6,,,76.0,67.0,2.6,3.8,0.03,
107,1277560,Fruits et légumes,Fruits et légumes secs,Fruits secs et graines,Pruneau d'Agen 1kg,6.49,6.49,,1064.0,251.0,0.3,0.1,,59.0,35.5,1.7,6.3,0.02,
107,1277356,Fruits et légumes,Fruits et légumes secs,Fruits secs et graines,Dattes moelleuses dénoyautées bio 250g,13.56,3.39,,1146.0,274.0,0.34,0.03,,65.6,55.0,2.14,,0.01,
107,1143622,Fruits et légumes,Fruits et légumes secs,Fruits secs et graines,AMANDES NATURELLES SACHET 400G,27.48,10.99,,,,,,,,,,,,
107,2965596,Fruits et légumes,Fruits et légumes secs,Fruits secs et graines,CARRE NOUGAT FRANCAIS 400G,19.99,19.99,,1846.0,439.0,14.8,1.5,,48.0,45.5,3.8,,,
107,2965593,Fruits et légumes,Fruits et légumes secs,Fruits secs et graines,BONHEUR CHOCOLATE 260G,18.99,18.99,,1850.0,589.0,23.7,13.3,,57.1,45.6,5.8,,0.55,
107,2965590,Fruits et légumes,Fruits et légumes secs,Fruits secs et graines,PAIN D'EPICES 420G,12.99,12.99,,1156.0,273.0,1.3,0.4,,59.0,46.7,2.5,,0.03,
107,2968026,Fruits et légumes,Fruits et légumes secs,Fruits secs et graines,ARC EN CIEL 700G,25.7,17.99,,1463.0,346.0,3.5,0.9,,74.0,64.0,2.2,,0.05,
107,2967837,Fruits et légumes,Fruits et légumes secs,Fruits secs et graines,INDIRA 200G,44.95,8.99,,1808.0,430.0,15.0,6.2,,68.0,63.0,4.3,,0.06,
107,2965587,Fruits et légumes,Fruits et légumes secs,Fruits secs et graines,FINESSE 200G,14.99,14.99,,1148.0,273.0,3.0,1.1,,58.2,49.0,2.2,,0.23,
107,944809,Fruits et légumes,Fruits et légumes secs,Fruits secs et graines,Corbeille Indonésie 400g,37.48,14.99,,1673.0,397.0,8.8,1.3,,73.0,668.0,4.4,,0.02,
107,2965512,Fruits et légumes,Fruits et légumes secs,Fruits secs et graines,PATE DE FRUITS BARQUETTE 155G,28.97,4.49,,,,,,,,,,,,
107,2995623,Fruits et légumes,Fruits et légumes secs,Fruits secs et graines,BIGARREAUX ROUGES CONFITS 200G,22.95,4.59,,1267.0,298.0,,,,74.5,63.0,,,0.12,
107,2997618,Fruits et légumes,Fruits et légumes secs,Fruits secs et graines,CERNEAUX DE NOIX 500 G,9.58,4.79,,2856.0,692.0,66.0,6.3,,4.6,2.2,16.0,7.7,0.02,
107,2886492,Fruits et légumes,Fruits et légumes secs,Fruits secs et graines,MELANGE VITALMIX IMMUNITE 180G,31.61,5.69,,2316.0,558.0,41.0,4.8,,28.0,18.0,15.0,8.4,0.01,
107,2886489,Fruits et légumes,Fruits et légumes secs,Fruits secs et graines,MELANGE VITALMIX ANTI-STRESS  180G,27.72,4.99,,2154.0,512.0,35.0,5.6,,35.0,5.6,10.0,8.6,0.1,
107,2997828,Fruits et légumes,Fruits et légumes secs,Fruits secs et graines,Noisette en poudre 500g,15.98,7.99,,2699.0,654.0,61.0,4.5,,7.0,4.3,15.0,9.7,,
107,2903451,Fruits et légumes,Fruits et légumes secs,Fruits secs et graines,TOURNESOL GRILLEES SALEES 400G,7.23,2.89,,2437.0,582.0,50.0,5.0,,24.0,3.0,19.0,,8.0,
107,2944638,Fruits et légumes,Fruits et légumes secs,Fruits secs et graines,POP CORN SUCRE 400G,7.48,2.99,,,,,,,,,,,,
107,2944635,Fruits et légumes,Fruits et légumes secs,Fruits secs et graines,POP CORN CARAMEL 400G,7.48,2.99,,,,,,,,,,,,
107,2890611,Fruits et légumes,Fruits et légumes secs,Fruits secs et graines,POT MAIS GRILLE SALE 360G,13.31,4.79,,1736.0,413.0,12.0,1.2,,67.0,0.7,7.2,4.9,1.9,
107,2886723,Fruits et légumes,Fruits et légumes secs,Fruits secs et graines,MELANGE CROCMIX RENOUVELLE 180G,27.72,4.99,,2274.0,547.0,39.0,5.9,,32.0,4.1,23.0,9.8,0.44,
107,2886702,Fruits et légumes,Fruits et légumes secs,Fruits secs et graines,MELANGE CROCMIX RENFORCE 180G,29.39,5.29,,2521.0,610.0,52.0,7.0,,8.7,4.2,22.0,9.6,0.3,
107,2886495,Fruits et légumes,Fruits et légumes secs,Fruits secs et graines,MELANGE CROCMIX RECHARGE 180G,31.61,5.69,,2532.0,611.0,50.0,7.2,,14.0,4.8,23.0,7.5,0.28,
107,2907771,Fruits et légumes,Fruits et légumes secs,Fruits secs et graines,MELANGE 5 NOIX SACHET 150G,31.27,4.69,,2688.0,650.0,58.0,6.0,,8.9,5.5,20.0,6.1,0.01,
107,2907768,Fruits et légumes,Fruits et légumes secs,Fruits secs et graines,MELANGE 3 NOIX  SACHET 150G,31.27,4.69,,2607.0,630.0,54.0,6.3,,12.0,5.9,22.0,5.5,0.02,
107,2916045,Fruits et légumes,Fruits et légumes secs,Fruits secs et graines,RAISIN GOLDEN SACHET 500GR SUN,10.78,5.39,C,1330.0,313.0,0.6,0.1,,72.0,65.0,2.6,,0.03,
107,2825388,Fruits et légumes,Fruits et légumes secs,Fruits secs et graines,NOISETTE POUDRE GRILLEE  300G,14.3,4.29,,2743.0,664.0,60.0,5.8,,7.7,5.6,17.0,10.0,0.01,
107,625477,Fruits et légumes,Fruits et légumes secs,Fruits secs et graines,FEVES GRILLEES SALES 500G,9.58,4.79,,2785.0,675.0,63.25,7.7,,21.0,3.6,4.7,4.4,0.22,
107,2824746,Fruits et légumes,Fruits et légumes secs,Fruits secs et graines,DATTES SUKKARI 500G,12.78,6.39,,1171.5,280.0,,,,75.0,67.0,2.0,,,
107,2823678,Fruits et légumes,Fruits et légumes secs,Fruits secs et graines,PATE DE DATTES 1KG,2.19,2.19,,1238.0,296.0,0.2,0.2,,68.4,59.3,1.6,7.0,0.22,
107,2823474,Fruits et légumes,Fruits et légumes secs,Fruits secs et graines,PATE D'AMANDE 33% ROSE 250G,7.96,1.99,,1835.0,437.0,16.0,1.7,,63.0,62.0,6.4,2.9,0.02,
107,2774274,Fruits et légumes,Fruits et légumes secs,Fruits secs et graines,Pâte de cacahuètes 100% 350g,10.26,3.59,,2529.0,610.0,48.0,5.8,,13.0,6.2,28.0,,0.05,
107,2707440,Fruits et légumes,Fruits et légumes secs,Fruits secs et graines,SUJETS DE NOEL AMANDE 75G,79.87,5.99,,1814.0,434.0,15.5,1.6,,67.0,63.3,6.0,2.8,0.06,
107,2756682,Fruits et légumes,Fruits et légumes secs,Fruits secs et graines,RAISIN CORINTHE SACHET 250G,9.16,2.29,,,,,,,,,,,,
107,2690397,Fruits et légumes,Fruits et légumes secs,Fruits secs et graines,NOIX DE MACADAMIA SANS SEL 75G,73.2,5.49,,3093.0,751.0,75.0,12.0,,5.4,3.6,9.0,,0.02,
107,2615979,Fruits et légumes,Fruits et légumes secs,Fruits secs et graines,Maïs frit 250g,,3.99,,1802.0,431.0,12.0,1.3,,73.0,0.7,7.4,,2.3,
107,2615964,Fruits et légumes,Fruits et légumes secs,Fruits secs et graines,Figuette 230g,,3.69,,1171.0,280.0,0.87,0.35,,55.5,49.2,2.99,,0.22,
107,2743779,Fruits et légumes,Fruits et légumes secs,Fruits secs et graines,COCKTAIL PLAISIR POT 250G,18.76,4.69,,1971.0,472.0,22.5,6.8,,55.5,43.0,7.6,,0.18,
107,2731113,Fruits et légumes,Fruits et légumes secs,Fruits secs et graines,DUO AMANDES GRILLEES SANS SEL 175G,24.51,4.29,,,,,,,,,,,,
107,2731110,Fruits et légumes,Fruits et légumes secs,Fruits secs et graines,NOIX DE CAJOU GRILLEES 175G,4.69,4.69,,,,,,,,,,,,
107,2731107,Fruits et légumes,Fruits et légumes secs,Fruits secs et graines,4 GRAINES GRILLEES NON SALEES 175G,26.8,4.69,,,,,,,,,,,,
107,2685894,Fruits et légumes,Fruits et légumes secs,Fruits secs et graines,PISTACHES DECORTIQUEES POIVRE ET SEL SACHET DE 100G WONDERFUL,68.9,6.89,,,,,,,,,,,,
107,2685897,Fruits et légumes,Fruits et légumes secs,Fruits secs et graines,PISTACHES DECORTIQUEES GRILLEES SALEES SACHET 100G WONDERFUL,68.9,6.89,,,,,,,,,,,,
107,2685891,Fruits et légumes,Fruits et légumes secs,Fruits secs et graines,PISTACHES DECORTIQUEES BARBECUE SACHET 100G WONDERFUL,68.9,6.89,,,,,,,,,,,,
107,2647410,Fruits et légumes,Fruits et légumes secs,Fruits secs et graines,Mix vitalite salade 500g,21.98,10.99,,2496.0,603.0,49.0,6.4,21.0,6.0,2.6,30.0,,0.04,
107,2647464,Fruits et légumes,Fruits et légumes secs,Fruits secs et graines,Choco-cranberry mix 150g,35.27,5.29,,2290.0,551.0,38.0,10.0,,37.0,28.0,13.0,,0.37,
107,2615961,Fruits et légumes,Fruits et légumes secs,Fruits secs et graines,Datte medjoul 250g,,4.89,,1252.0,295.0,0.2,0.1,,68.0,68.0,3.3,,0.01,
107,2627658,Fruits et légumes,Fruits et légumes secs,Fruits secs et graines,Arachides sucrées chouchou 210g,18.05,3.79,,2152.0,514.0,25.2,4.8,,55.2,49.5,13.2,,,
107,2627457,Fruits et légumes,Fruits et légumes secs,Fruits secs et graines,Ananas tranché 220g,21.77,4.79,,1400.0,335.0,0.8,,,85.4,74.0,,,0.67,
107,2543961,Fruits et légumes,Fruits et légumes secs,Fruits secs et graines,Noix cajou thym citron barquette 200g,34.95,6.99,,2601.0,627.0,49.4,9.4,,21.8,5.2,22.7,,1.97,
107,2536536,Fruits et légumes,Fruits et légumes secs,Fruits secs et graines,PISTACHES GRILLEES SANS SEL SACHET 450G,31.09,13.99,,,,,,,,,,,,
107,2536533,Fruits et légumes,Fruits et légumes secs,Fruits secs et graines,PISTACHES GRILLEES SALEES SACHET 450G,31.09,13.99,,,,,,,,,,,,
107,2523291,Fruits et légumes,Fruits et légumes secs,Fruits secs et graines,PISTACHE COQUE GRILLEE SANS SEL 160G,29.31,4.69,,,,,,,,,,,,
107,2521368,Fruits et légumes,Fruits et légumes secs,Fruits secs et graines,AIRELLES CUISINEES+ 20% OFFERT,20.75,2.49,,,,,,,,,,,,
107,2471046,Fruits et légumes,Fruits et légumes secs,Fruits secs et graines,NOIX DE CAJOU GRILLEES 150G,38.6,5.79,,2555.0,616.0,48.0,9.7,,25.0,6.9,20.0,,0.05,
107,2346837,Fruits et légumes,Fruits et légumes secs,Fruits secs et graines,Amandes décortiquées 125g,45.52,5.69,,2560.0,620.0,54.0,4.9,,5.1,4.1,22.0,9.9,0.03,
107,2370738,Fruits et légumes,Fruits et légumes secs,Fruits secs et graines,Arachide wasabi 180g,18.28,3.29,,1921.0,458.0,19.3,4.4,,59.6,23.4,10.0,,1.0,
107,2370726,Fruits et légumes,Fruits et légumes secs,Fruits secs et graines,Mélange été indien 220g,24.5,5.39,,2023.0,487.0,26.6,4.2,,45.5,37.0,14.1,,0.02,
107,2370729,Fruits et légumes,Fruits et légumes secs,Fruits secs et graines,Mélange nature 220g,25.86,5.69,,2073.0,497.0,30.0,3.2,,39.1,28.5,12.8,,0.06,
107,2370720,Fruits et légumes,Fruits et légumes secs,Fruits secs et graines,Noix de macadamia bio 150g,56.6,8.49,,3080.0,734.0,74.0,10.0,,7.9,4.6,9.2,,0.01,
107,2346852,Fruits et légumes,Fruits et légumes secs,Fruits secs et graines,Amande grillée bio 125g,47.12,5.89,,2531.0,612.0,50.0,4.0,,12.0,4.1,23.0,14.0,0.01,
107,2346849,Fruits et légumes,Fruits et légumes secs,Fruits secs et graines,Cajou grillée bio 125g,47.12,5.89,,2577.0,621.0,48.0,8.6,,25.0,5.7,20.0,3.7,0.02,
107,2346813,Fruits et légumes,Fruits et légumes secs,Fruits secs et graines,Banane chips 275g,15.96,4.39,,,,,,,,,,,,
107,2370918,Fruits et légumes,Fruits et légumes secs,Fruits secs et graines,Pruneaux d'agen denoyautes sans conservateurs pasteurises 500g,12.58,6.29,,977.0,231.0,0.5,0.2,,52.6,41.2,1.8,6.3,0.02,
107,1431277,Fruits et légumes,Fruits et légumes secs,Fruits secs et graines,Abricots moelleux 500g,17.78,8.89,,,,,,,,,,,,
107,1431460,Fruits et légumes,Fruits et légumes secs,Fruits secs et graines,NOISETTES DECORTIQUEES 500G,15.98,7.99,,,,,,,,,,,,
107,2336253,Fruits et légumes,Fruits et légumes secs,Fruits secs et graines,Olives dénoyautées aux herbes 500g,9.38,4.69,,963.0,234.0,25.0,3.3,,0.5,0.5,1.1,,3.1,
107,1123708,Fruits et légumes,Fruits et légumes secs,Fruits secs et graines,Barre de nougat au pruneau 100g,39.9,3.99,,,,,,,,,,,,
107,1123705,Fruits et légumes,Fruits et légumes secs,Fruits secs et graines,Barre de nougat aux pommes 100g,39.9,3.99,,,,,,,,,,,,
107,1123672,Fruits et légumes,Fruits et légumes secs,Fruits secs et graines,Barre de nougat à la papaye 100g,39.9,3.99,,,,,,,,,,,,
107,1123669,Fruits et légumes,Fruits et légumes secs,Fruits secs et graines,Barre de nougat à la fraise 100g,39.9,3.99,,,,,,,,,,,,
107,1123666,Fruits et légumes,Fruits et légumes secs,Fruits secs et graines,Barre de nougat à la figue 100g,39.9,3.99,,,,,,,,,,,,
107,1123618,Fruits et légumes,Fruits et légumes secs,Fruits secs et graines,Barre de nougat à l'abricot 100g,39.9,3.99,,1622.0,385.0,7.0,0.2,,75.7,49.0,3.8,,0.09,
107,1277545,Fruits et légumes,Fruits et légumes secs,Fruits secs et graines,Noix sèches bio sachet 500g,10.98,5.49,,2840.0,688.0,63.8,5.73,,10.8,3.0,14.7,,0.01,
107,787624,Fruits et légumes,Fruits et légumes secs,Fruits secs et graines,PISTACHES PIMENT DOUX SACHET 250G,31.96,7.99,,2377.0,574.0,45.0,5.8,,17.0,10.0,20.0,,1.8,
107,787621,Fruits et légumes,Fruits et légumes secs,Fruits secs et graines,PISTACHES POIVRE & SEL SACHET 250G,33.16,8.29,,2445.0,590.0,46.0,5.6,,18.0,7.7,21.0,,1.6,
107,787618,Fruits et légumes,Fruits et légumes secs,Fruits secs et graines,PISTACHES GRILLEES SANS SEL SACHET 250G,31.96,7.99,,2445.0,590.0,46.0,5.6,,18.0,7.7,21.0,,,
107,787615,Fruits et légumes,Fruits et légumes secs,Fruits secs et graines,PISTACHES GRILLEES SALEES SACHET 250G,31.96,7.99,,2445.0,590.0,46.0,5.6,,18.0,7.7,21.0,,1.5,
107,622369,Fruits et légumes,Fruits et légumes secs,Fruits secs et graines,Douchou l'original cup sun 250g,13.16,3.29,D,2128.0,509.0,27.0,3.8,,49.0,45.0,15.0,5.8,0.01,
107,1277539,Fruits et légumes,Fruits et légumes secs,Fruits secs et graines,Pistaches grillées sans sel 150g,35.27,5.29,,2629.0,634.0,48.1,5.9,,20.5,7.5,25.0,,,
107,1277536,Fruits et légumes,Fruits et légumes secs,Fruits secs et graines,Pistaches bio grillées sans sel 75g,66.53,4.99,,2499.0,604.0,50.0,6.3,,11.0,6.5,23.0,,,
107,1277530,Fruits et légumes,Fruits et légumes secs,Fruits secs et graines,Pop-corn micro-ondable caramel 90g,13.22,1.19,,1747.0,417.0,17.4,8.5,,59.3,13.2,6.2,,0.01,
107,1277521,Fruits et légumes,Fruits et légumes secs,Fruits secs et graines,Mix tropical 500g,11.3,5.65,,,,,,,,,,,,
107,1277464,Fruits et légumes,Fruits et légumes secs,Fruits secs et graines,Mélange plaisir bio barquette 140g,32.79,4.59,,2545.0,613.0,51.0,6.3,,15.3,3.0,20.5,,0.03,
107,1277350,Fruits et légumes,Fruits et légumes secs,Fruits secs et graines,Noix de cajou bio grillée sans sel 100g,42.9,4.29,,2587.0,624.0,50.0,8.8,,21.0,6.3,20.0,,,
107,1234003,Fruits et légumes,Fruits et légumes secs,Fruits secs et graines,Seeberger Mendiant de luxe 400g,24.73,9.89,,2112.0,507.0,33.0,3.7,,36.0,32.0,13.0,,0.04,
107,1148965,Fruits et légumes,Fruits et légumes secs,Fruits secs et graines,Cranberries bio 120g,27.42,3.29,,1380.0,330.0,,,,82.0,72.0,0.3,,0.01,
107,1148962,Fruits et légumes,Fruits et légumes secs,Fruits secs et graines,Amandes decortiquées grillées sans sel 220g,34.05,7.49,,2703.0,654.0,58.0,4.0,,1.8,1.0,25.0,,,
107,1148959,Fruits et légumes,Fruits et légumes secs,Fruits secs et graines,Arachides géantes bistrot 220g,16.77,3.69,,2570.0,621.0,51.0,9.8,,5.3,4.2,31.0,,0.99,
107,1148956,Fruits et légumes,Fruits et légumes secs,Fruits secs et graines,Maïs grillé 140G,14.21,1.99,,1802.0,431.0,12.0,1.3,,73.0,0.7,7.4,,2.3,
107,1148953,Fruits et légumes,Fruits et légumes secs,Fruits secs et graines,Mélange grillé sans sel 220G,25.41,5.59,,2633.0,636.0,53.0,7.0,,9.9,3.0,26.0,,0.02,
107,1148950,Fruits et légumes,Fruits et légumes secs,Fruits secs et graines,Mélange tropical 210g,19.0,3.99,,1601.0,381.0,5.4,5.1,,77.6,61.0,1.0,,0.34,
107,1148947,Fruits et légumes,Fruits et légumes secs,Fruits secs et graines,Rice crackers 150g,22.6,3.39,,1563.0,370.0,5.2,0.8,,72.7,11.0,7.0,,0.72,
107,1148944,Fruits et légumes,Fruits et légumes secs,Fruits secs et graines,Tournesol grillé salé 110g,20.82,2.29,,2437.0,582.0,50.0,5.0,,24.0,3.0,19.0,,8.0,
107,1145416,Fruits et légumes,Fruits et légumes secs,Fruits secs et graines,PISTACHES SACHET 250G LEGEREMENT SALEES,31.96,7.99,,2445.0,590.0,46.0,5.6,,18.0,7.7,21.0,,0.65,
107,1143667,Fruits et légumes,Fruits et légumes secs,Fruits secs et graines,Mélange méditérranéen 190G,17.32,3.29,,1886.0,446.0,18.4,3.1,,53.0,15.6,15.5,,1.92,
107,1143661,Fruits et légumes,Fruits et légumes secs,Fruits secs et graines,Melange exotique,17.23,6.89,,1558.0,369.0,6.6,5.9,,74.0,61.0,1.9,3.2,0.37,
107,1143637,Fruits et légumes,Fruits et légumes secs,Fruits secs et graines,Melange 3 fruits,16.23,6.49,,,,,,,,,,,,
107,1143634,Fruits et légumes,Fruits et légumes secs,Fruits secs et graines,Chouchou maitre Prunille,12.78,6.39,,2195.0,526.0,29.0,5.4,,49.0,42.0,15.0,4.3,0.01,
107,1143565,Fruits et légumes,Fruits et légumes secs,Fruits secs et graines,Seeberger Pistaches salées,6.29,6.29,,2506.0,605.0,50.0,6.3,,10.0,6.7,25.0,,1.2,
107,1143559,Fruits et légumes,Fruits et légumes secs,Fruits secs et graines,MIX VITALITE SALADE 150G,23.93,3.59,,,,,,,,,,,,
107,1043230,Fruits et légumes,Fruits et légumes secs,Fruits secs et graines,Seeberger mix cajou-cranberry 150g,31.93,4.79,,2096.0,502.0,29.0,5.9,,45.0,30.0,12.0,,0.03,
107,1043218,Fruits et légumes,Fruits et légumes secs,Fruits secs et graines,Seeberger mix baies et noix 150g,35.27,5.29,,1998.0,480.0,30.0,5.6,14.0,35.0,29.0,12.0,,0.02,
107,1043215,Fruits et légumes,Fruits et légumes secs,Fruits secs et graines,Seeberger rondelles de pomme 80g,36.13,2.89,,1185.0,280.0,0.4,0.1,,63.0,56.0,1.5,,0.02,
107,1043167,Fruits et légumes,Fruits et légumes secs,Fruits secs et graines,Seeberger amandes fumées grillées salées 150g,35.27,5.29,,,,,,,,,,,,
107,1043164,Fruits et légumes,Fruits et légumes secs,Fruits secs et graines,Seeberger noix de Cajou grillées salées 150g,39.27,5.89,,,,,,,,,,,,
107,1025875,Fruits et légumes,Fruits et légumes secs,Fruits secs et graines,Pop corn caramel gobelet 125g,27.92,3.49,,1714.0,405.0,4.4,0.5,,89.0,59.0,3.0,3.9,0.1,
107,1025872,Fruits et légumes,Fruits et légumes secs,Fruits secs et graines,Seau de popcorn caramel 350g,14.26,4.99,,,,,,,,,,,,
107,699499,Fruits et légumes,Fruits et légumes secs,Fruits secs et graines,Daco Bello formule équilibre 200g,23.45,4.69,,,,,,,,,,,,
107,699496,Fruits et légumes,Fruits et légumes secs,Fruits secs et graines,Daco Bello Formule éclat 200g,23.45,4.69,,,,,,,,,,,,
107,699493,Fruits et légumes,Fruits et légumes secs,Fruits secs et graines,Daco Bello Formule Boost 200g,23.45,4.69,,,,,,,,,,,,
107,699355,Fruits et légumes,Fruits et légumes secs,Fruits secs et graines,Daco Bello formule active 200g,23.45,4.69,,,,,,,,,,,,
107,625399,Fruits et légumes,Fruits et légumes secs,Fruits secs et graines,Figues layers sachet de 500g,5.98,2.99,,,,,,,,,,,,
107,625393,Fruits et légumes,Fruits et légumes secs,Fruits secs et graines,ABRICOT SEC LE SACHET DE 500 G,13.38,6.69,,1009.0,241.0,0.5,,,62.6,53.4,3.4,62.6,,
107,607807,Fruits et légumes,Fruits et légumes secs,Fruits secs et graines,Abricots moelleux 500g,19.58,9.79,,,,,,,,,,,,
107,587779,Fruits et légumes,Fruits et légumes secs,Fruits secs et graines,Nature bio abricots secs sachet 250g,19.56,4.89,,1283.0,303.0,0.5,0.2,,61.0,33.0,2.5,7.9,,
107,314809,Fruits et légumes,Fruits et légumes secs,Fruits secs et graines,Daco Bello formule pep's 200g,23.75,4.75,,,,,,,,,,,,
107,1277611,Fruits et légumes,Fruits et légumes secs,Fruits secs et graines,Pruneaux fermiers dénoyautés le sachet de 750g,19.99,14.99,,992.0,234.0,0.5,0.1,,54.0,35.0,2.0,,0.01,
107,1277353,Fruits et légumes,Fruits et légumes secs,Fruits secs et graines,Cranberrie mix 350g,18.54,6.49,,,,,,,,,,,,
107,1276987,Fruits et légumes,Fruits et légumes secs,Fruits secs et graines,ABRICOT MOELLEUX LE SACHET DE 375 G,18.64,6.99,,952.0,225.0,0.5,0.01,,50.2,30.8,2.8,6.4,0.01,
107,126829,Fruits et légumes,Fruits et légumes secs,Fruits secs et graines,Seeberger Cranberries 125g,23.12,2.89,,,,,,,,,,,,
107,1180606,Fruits et légumes,Fruits et légumes secs,Fruits secs et graines,Figuette sachet,14.64,5.49,,1017.0,207.0,0.7,,,60.0,13.0,6.1,,0.03,
107,1145443,Fruits et légumes,Fruits et légumes secs,Fruits secs et graines,Dattes bouquet deglet nour,7.58,3.79,,284.0,1204.0,0.5,0.1,,64.5,,2.3,10.2,,
107,1143580,Fruits et légumes,Fruits et légumes secs,Fruits secs et graines,Dattes 100% nature sun,17.69,6.19,,1086.0,256.0,0.5,0.1,,58.0,58.0,2.0,7.3,0.01,
107,1143577,Fruits et légumes,Fruits et légumes secs,Fruits secs et graines,Figues,19.97,7.49,,974.0,231.0,1.2,0.22,,45.7,44.4,2.7,13.2,0.19,
107,1143574,Fruits et légumes,Fruits et légumes secs,Fruits secs et graines,Seeberger Trail mix,25.27,3.79,,1980.0,474.0,25.0,8.2,,47.0,33.0,10.0,,0.41,
107,1143493,Fruits et légumes,Fruits et légumes secs,Fruits secs et graines,Abricot sec 100% nature,24.83,8.69,,881.0,208.0,0.5,0.1,,46.0,45.0,2.5,5.7,0.01,
107,1143490,Fruits et légumes,Fruits et légumes secs,Fruits secs et graines,Creme de pruneaux,13.49,4.99,,1103.0,260.0,0.1,0.1,,63.0,55.0,0.6,2.3,0.1,
107,1143484,Fruits et légumes,Fruits et légumes secs,Fruits secs et graines,Figue moelleuse,17.58,8.79,,,,,,,,,,,,
107,1143481,Fruits et légumes,Fruits et légumes secs,Fruits secs et graines,Figue sechée,10.98,5.49,,1330.0,315.0,1.1,0.2,,68.0,64.0,3.3,,0.25,
107,1234021,Fruits et légumes,Fruits et légumes secs,Fruits secs et graines,Seeberger Assortiment de noix 150g,35.93,5.39,,2661.0,643.0,56.0,6.4,36.0,11.0,5.3,21.0,,0.02,
107,803728,Fruits et légumes,Fruits et légumes secs,Fruits secs et graines,PATE AMANDE VERTE 250G,10.36,2.59,,,,,,,,,,,,
107,803725,Fruits et légumes,Fruits et légumes secs,Fruits secs et graines,PATE AMANDE ROSE 250 G,10.76,2.69,,,,,,,,,,,,
107,803722,Fruits et légumes,Fruits et légumes secs,Fruits secs et graines,PATE AMANDE BLANCHE 250G,11.16,2.79,,1831.0,436.0,16.0,1.7,,66.0,62.0,5.5,2.9,,
107,625402,Fruits et légumes,Fruits et légumes secs,Fruits secs et graines,COCO RAPEE SACHET 500 G,4.98,2.49,,,,,,,,,,,,
107,1277263,Fruits et légumes,Fruits et légumes secs,Fruits secs et graines,Amande décortiquée 300g,7.69,7.69,,2465.0,596.0,50.0,3.9,,8.0,4.4,23.0,11.0,0.01,
107,1277260,Fruits et légumes,Fruits et légumes secs,Fruits secs et graines,Amande en poudre sachet 300g,24.97,7.49,,2747.0,664.0,56.0,4.5,,11.0,4.2,25.0,7.9,0.01,
107,1176874,Fruits et légumes,Fruits et légumes secs,Fruits secs et graines,Pistache émondée,87.9,8.79,,,,,,,,,,,,
107,1143619,Fruits et légumes,Fruits et légumes secs,Fruits secs et graines,AMANDE DECORTIQUEE BIO 200G,39.45,7.89,,2605.0,630.0,55.0,4.5,,5.2,4.9,24.0,9.5,0.01,
107,1043197,Fruits et légumes,Fruits et légumes secs,Fruits secs et graines,Cerneaux de noix 150g,41.93,6.29,,,,,,,,,,,,
107,1043188,Fruits et légumes,Fruits et légumes secs,Fruits secs et graines,Seeberger Amandes Décortiquées 200g,27.45,5.49,,,,,,,,,,,,
107,1095994,Fruits et légumes,Fruits et légumes secs,Fruits secs et graines,Noisette coque vrac,10.89,0.09,,,,,,,,,,,,
107,30165,Fruits et légumes,Fruits et légumes secs,Légumes secs,Cora lentilles vertes 500g,4.5,2.25,A,1449.0,343.0,1.7,0.2,,50.0,1.0,24.0,16.0,0.01,
107,2895561,Fruits et légumes,Fruits et légumes secs,Légumes secs,Cora haricots rouges 1/4x3 600g,3.35,2.01,A,404.0,96.0,0.7,0.1,,12.0,0.5,7.2,6.5,0.44,
107,30170,Fruits et légumes,Fruits et légumes secs,Légumes secs,Cora lentilles corail 500g,5.44,2.72,A,1351.0,319.0,0.8,0.1,,45.0,1.3,28.0,10.0,0.01,
107,30167,Fruits et légumes,Fruits et légumes secs,Légumes secs,Cora lingots blancs 500g,4.32,2.16,A,1274.0,302.0,1.8,0.2,,44.0,1.9,19.0,17.0,0.03,
107,2895558,Fruits et légumes,Fruits et légumes secs,Légumes secs,Cora pois chiche 1/4x3 400g,3.75,1.5,,516.0,123.0,2.1,0.3,,16.0,0.5,7.0,5.9,0.41,
107,30168,Fruits et légumes,Fruits et légumes secs,Légumes secs,Cora pois cassés 500g,2.42,1.21,A,1372.9,325.2,1.2,0.2,,48.2,2.5,22.7,15.4,0.01,
107,30166,Fruits et légumes,Fruits et légumes secs,Légumes secs,Cora lentilles blondes 500g,4.64,2.32,A,1424.0,337.0,1.9,0.3,,48.0,1.4,26.0,12.0,0.01,
107,30171,Fruits et légumes,Fruits et légumes secs,Légumes secs,Cora haricots rouges 450g,4.8,2.16,A,1342.0,318.0,1.1,0.2,,46.0,2.1,23.0,16.0,0.03,
107,30169,Fruits et légumes,Fruits et légumes secs,Légumes secs,Cora pois chiches 500g,2.96,1.48,A,1495.0,355.0,5.9,0.6,,48.0,2.5,21.0,13.0,0.08,
107,2560818,Fruits et légumes,Fruits et légumes secs,Légumes secs,Cora mélange de légumes secs - 5 ingrédients -  1/2 255g,4.94,1.26,A,485.0,115.0,1.5,0.2,,14.0,0.5,7.8,7.3,0.57,
107,2574477,Fruits et légumes,Fruits et légumes secs,Légumes secs,Soufflet alimentaire lentille eston vivien paille 500g,3.78,1.89,,1399.0,331.0,1.1,0.2,,37.0,2.0,24.0,,0.02,
107,1038472,Fruits et légumes,Fruits et légumes secs,Légumes secs,Vivien Paille lentilles vertes de nos agriculteurs 500g,4.04,2.02,,1385.0,328.0,1.8,0.2,,45.0,1.1,25.0,,0.02,
107,2871792,Fruits et légumes,Fruits et légumes secs,Légumes secs,Haricots blancs 1kg garrido,3.29,3.29,,879.0,210.0,2.0,0.4,,33.0,3.5,20.0,,,
107,2565120,Fruits et légumes,Fruits et légumes secs,Légumes secs,Lingot blanc sachet 500 g,7.38,3.69,,,,,,,,,,,,
107,2565117,Fruits et légumes,Fruits et légumes secs,Légumes secs,Lentilles vertes sachet 500 g,7.98,3.99,,,,,,,,,,,,
107,2565114,Fruits et légumes,Fruits et légumes secs,Légumes secs,Lentilles corail sachet 500 g,7.38,3.69,,,,,,,,,,,,
107,605020,Fruits et légumes,Fruits et légumes secs,Légumes secs,Sabarot lentille verte origine france 500g,5.04,2.52,A,1377.0,326.0,1.3,0.2,,45.0,1.0,27.0,,0.01,
107,2871795,Fruits et légumes,Fruits et légumes secs,Légumes secs,Haricots rouges 1kg garrido,3.29,3.29,,1228.0,192.0,0.83,0.12,,35.11,2.23,23.58,24.9,0.06,
107,2871798,Fruits et légumes,Fruits et légumes secs,Légumes secs,Lentilles blondes garrido 1kg,3.29,3.29,,1280.0,306.0,1.98,0.3,,36.0,1.2,24.0,,,
107,3031407,Fruits et légumes,Fruits et légumes secs,Légumes secs,Sabarot cello lentilles vertes 1kg,3.43,3.43,,356.0,1501.0,,0.9,,56.1,3.4,16.1,11.2,0.04,
107,2601153,Fruits et légumes,Fruits et légumes secs,Légumes secs,Tipiak lentilles et pois gourmands 300g,11.7,3.51,A,,,,,,,,,,,
107,2565132,Fruits et légumes,Fruits et légumes secs,Légumes secs,Pois chiches sachet 500 g,4.78,2.39,,,,,,,,,,,,
107,2565126,Fruits et légumes,Fruits et légumes secs,Légumes secs,Mogette sachet 500 g,7.78,3.89,,,,,,,,,,,,
107,2565105,Fruits et légumes,Fruits et légumes secs,Légumes secs,Flageolet vert sachet 500 g,7.78,3.89,,,,,,,,,,,,
107,2317119,Fruits et légumes,Fruits et légumes secs,Légumes secs,Sabarot lentille verte zrp 500g,6.54,3.27,A,1377.0,326.0,1.3,0.2,,45.0,1.0,27.0,14.0,0.01,
107,2871801,Fruits et légumes,Fruits et légumes secs,Légumes secs,Pois casses vert garrido 1kg,3.29,3.29,,1431.0,342.0,1.3,0.4,,52.4,3.3,24.3,,0.02,
107,2871789,Fruits et légumes,Fruits et légumes secs,Légumes secs,Pois chiches garrido 1kg,3.29,3.29,,406.0,97.0,1.9,0.2,,14.5,0.7,5.4,,0.01,
107,382579,Fruits et légumes,Fruits et légumes secs,Légumes secs,Sabarot lentilles vertes cuisson rapide 8mn étui 360g,7.89,2.84,,1380.0,327.0,1.8,0.24,,44.5,1.1,25.1,,0.13,
107,2565129,Fruits et légumes,Fruits et légumes secs,Légumes secs,Pois casses sachet 500 g,4.98,2.49,,,,,,,,,,,,
107,2565123,Fruits et légumes,Fruits et légumes secs,Légumes secs,Mais pop corn sachet 500 g,5.38,2.69,,,,,,,,,,,,
107,2565108,Fruits et légumes,Fruits et légumes secs,Légumes secs,Haricots rouges sachet 500 g,6.58,3.29,,,,,,,,,,,,
107,2565102,Fruits et légumes,Fruits et légumes secs,Légumes secs,Quinoa sachet 500 g,9.18,4.59,,,,,,,,,,,,
107,2320617,Fruits et légumes,Fruits et légumes secs,Légumes secs,Sabarot haricots rouges sachet 500g,11.4,5.13,,1330.0,314.0,1.06,0.15,,46.1,2.1,22.5,15.2,0.03,
107,1318201,Fruits et légumes,Fruits et légumes secs,Légumes secs,"Cassegrain haricots rouges, touche de ciboule & cumin 1/2x2 500g",7.98,3.99,,,,,,,,,,,,
